city_id,city_name,pool_richness,urban_richness,mntd.obs,null_model.avg.mntd.obs,null_model.mntd.obs.wilcox.p_value,null_model.mntd.obs.wilcox.estimate,null_model.mntd.obs.wilcox.estimate_lower,null_model.mntd.obs.wilcox.estimate_upper,null_model.mntd.obs.wilcox.statistic,faith_pd,null_model.avg.faith_pd,null_model.faith_pd.wilcox.p_value,null_model.faith_pd.wilcox.estimate,null_model.faith_pd.wilcox.estimate_lower,null_model.faith_pd.wilcox.estimate_upper,null_model.faith_pd.wilcox.statistic
1,Honolulu,1,0,NA,NA,NA,NA,NA,NA,NA,NA,NA,NA,NA,NA,NA,NA
8,Oxnard,3,2,52.594989404500005,61.167378842333335,0.5000000000000001,62.238927521875,52.5949894045,65.453573562,5,48.8883844566,49.42997753864,0.5807121621890252,49.35329633435787,48.88838573809956,51.03076208161459,7
10,San Jose,3,1,NA,NA,NA,NA,NA,NA,NA,NA,NA,NA,NA,NA,NA,NA
19,Concord,2,1,NA,NA,NA,NA,NA,NA,NA,NA,NA,NA,NA,NA,NA,NA
20,Ensenada,3,0,NA,NA,NA,NA,NA,NA,NA,NA,NA,NA,NA,NA,NA,NA
21,Tijuana,4,1,NA,NA,NA,NA,NA,NA,NA,NA,NA,NA,NA,NA,NA,NA
26,Antioch,2,1,NA,NA,NA,NA,NA,NA,NA,NA,NA,NA,NA,NA,NA,NA
29,Bakersfield,3,1,NA,NA,NA,NA,NA,NA,NA,NA,NA,NA,NA,NA,NA,NA
32,Palmdale,3,1,NA,NA,NA,NA,NA,NA,NA,NA,NA,NA,NA,NA,NA,NA
34,Stockton,2,1,NA,NA,NA,NA,NA,NA,NA,NA,NA,NA,NA,NA,NA,NA
35,Modesto,2,1,NA,NA,NA,NA,NA,NA,NA,NA,NA,NA,NA,NA,NA,NA
46,Fresno,2,1,NA,NA,NA,NA,NA,NA,NA,NA,NA,NA,NA,NA,NA,NA
49,Sacramento,2,1,NA,NA,NA,NA,NA,NA,NA,NA,NA,NA,NA,NA,NA,NA
56,Indio,4,2,29.8287797715,55.22991321075,0.059058229090536735,59.02428148325,52.59504473097633,65.453573562,15,48.8883844566,49.42997753864,0.5807121621890252,49.35329633435787,48.88838573809956,51.03076208161459,7
57,Mexicali,4,1,NA,NA,NA,NA,NA,NA,NA,NA,NA,NA,NA,NA,NA,NA
65,Hermosillo,5,3,41.7037110345,44.066332819866666,0.2924355944685362,43.826261220104385,30.771283285458352,56.88118412426666,26,48.8883844566,49.42997753864,0.5807121621890252,49.35329633435787,48.88838573809956,51.03076208161459,7
73,Culiacán,6,6,23.331162447066667,NA,NA,NA,NA,NA,NA,NA,NA,NA,NA,NA,NA,NA
74,Las Vegas,5,2,65.4535735605,54.1170239826,0.2924355944685362,53.34478353999898,39.441757950110656,65.453573562,10,48.8883844566,49.42997753864,0.5807121621890252,49.35329633435787,48.88838573809956,51.03076208161459,7
75,Mazatlán,8,4,23.29699982375,37.58395366290786,2.7853173163146546e-12,38.33203371640824,36.09006584248149,39.90148288753547,2317,48.8883844566,49.42997753864,0.5807121621890252,49.35329633435787,48.88838573809956,51.03076208161459,7
79,Phoenix,5,3,41.7037110345,44.06633281956667,0.2924355944685362,43.82626121980438,30.771283285458352,56.881184123666664,26,48.8883844566,49.42997753864,0.5807121621890252,49.35329633435787,48.88838573809956,51.03076208161459,7
81,Tepic,9,5,17.4783970554,34.136042277142536,3.063657386663174e-22,33.71365485140061,32.82547883013537,35.47373134502823,7874,48.8883844566,49.42997753864,0.5807121621890252,49.35329633435787,48.88838573809956,51.03076208161459,7
83,Colima,8,3,30.771217772333333,43.209787152297025,9.094281964362737e-8,43.826272278141715,41.73361059333109,47.14935244138544,1276,48.8883844566,49.42997753864,0.5807121621890252,49.35329633435787,48.88838573809956,51.03076208161459,7
84,Tucson,4,1,NA,NA,NA,NA,NA,NA,NA,NA,NA,NA,NA,NA,NA,NA
88,Guadalajara,6,3,41.7037110345,45.99467910756667,0.09738474080425905,45.78645303011801,42.280431343435595,52.012283154246006,124,48.8883844566,49.42997753864,0.5807121621890252,49.35329633435787,48.88838573809956,51.03076208161459,7
101,Portland,2,1,NA,NA,NA,NA,NA,NA,NA,NA,NA,NA,NA,NA,NA,NA
111,Chihuahua,3,3,41.7037110345,NA,NA,NA,NA,NA,NA,NA,NA,NA,NA,NA,NA,NA
112,Aguascalientes,5,3,41.7037110345,44.06633281956667,0.2924355944685362,43.82626121980438,30.771283285458352,56.881184123666664,26,48.8883844566,49.42997753864,0.5807121621890252,49.35329633435787,48.88838573809956,51.03076208161459,7
116,Morelia,5,1,NA,NA,NA,NA,NA,NA,NA,NA,NA,NA,NA,NA,NA,NA
139,Seattle,2,0,NA,NA,NA,NA,NA,NA,NA,NA,NA,NA,NA,NA,NA,NA
140,Querétaro,5,3,41.7037110345,44.06633281956667,0.2924355944685362,43.82626121980438,30.771283285458352,56.881184123666664,26,48.8883844566,49.42997753864,0.5807121621890252,49.35329633435787,48.88838573809956,51.03076208161459,7
143,Ciudad Juárez,4,3,41.7037110345,48.22089889929167,0.42267807417063546,48.79060647261274,37.417596269944184,56.881184123666664,5,48.8883844566,49.42997753864,0.5807121621890252,49.35329633435787,48.88838573809956,51.03076208161459,7
144,San Luis Potosí,4,2,65.453573561,50.845518982083334,0.09751253817810959,41.98954542860746,29.828738826636208,65.4535735605,0,48.8883844566,49.42997753864,0.5807121621890252,49.35329633435787,48.88838573809956,51.03076208161459,7
154,Cuernavaca,5,1,NA,NA,NA,NA,NA,NA,NA,NA,NA,NA,NA,NA,NA,NA
155,Mexico City,4,2,65.4535735605,55.22991321075,0.2807126652684958,52.59503244320426,41.211933409939135,65.45349692081282,3,48.8883844566,49.42997753864,0.5807121621890252,49.35329633435787,48.88838573809956,51.03076208161459,7
169,Chiconcuac,4,3,41.7037110345,48.22089889929167,0.42267807417063546,48.79060647261274,37.417596269944184,56.881184123666664,5,48.8883844566,49.42997753864,0.5807121621890252,49.35329633435787,48.88838573809956,51.03076208161459,7
172,Boise,1,1,NA,NA,NA,NA,NA,NA,NA,NA,NA,NA,NA,NA,NA,NA
178,Puebla,4,3,41.7037110345,48.22089889929167,0.42267807417063546,48.79060647261274,37.417596269944184,56.881184123666664,5,48.8883844566,49.42997753864,0.5807121621890252,49.35329633435787,48.88838573809956,51.03076208161459,7
179,Saltillo,5,3,41.7037110345,44.06633281956667,0.2924355944685362,43.82626121980438,30.771283285458352,56.881184123666664,26,48.8883844566,49.42997753864,0.5807121621890252,49.35329633435787,48.88838573809956,51.03076208161459,7
181,Tlaxcala,4,3,41.7037110345,48.22089889929167,0.42267807417063546,48.79060647261274,37.417596269944184,56.881184123666664,5,48.8883844566,49.42997753864,0.5807121621890252,49.35329633435787,48.88838573809956,51.03076208161459,7
187,Vancouver,2,0,NA,NA,NA,NA,NA,NA,NA,NA,NA,NA,NA,NA,NA,NA
192,Provo,1,1,NA,NA,NA,NA,NA,NA,NA,NA,NA,NA,NA,NA,NA,NA
193,Salt Lake City,1,1,NA,NA,NA,NA,NA,NA,NA,NA,NA,NA,NA,NA,NA,NA
196,Albuquerque,2,1,NA,NA,NA,NA,NA,NA,NA,NA,NA,NA,NA,NA,NA,NA
200,Monterrey,5,3,41.7037110345,44.06633281956667,0.2924355944685362,43.82626121980438,30.771283285458352,56.881184123666664,26,48.8883844566,49.42997753864,0.5807121621890252,49.35329633435787,48.88838573809956,51.03076208161459,7
202,Oaxaca,6,2,65.453573561,54.233831974433336,0.023171533792149833,52.595058161415096,41.21181318866525,59.0243425491318,7,48.8883844566,49.42997753864,0.5807121621890252,49.35329633435787,48.88838573809956,51.03076208161459,7
207,Ogden,1,1,NA,NA,NA,NA,NA,NA,NA,NA,NA,NA,NA,NA,NA,NA
208,Orizaba,12,3,56.88118412426667,45.68734638481,1.2186061596995456e-34,46.566669688105335,44.50137851813485,47.363112289526654,459,48.8883844566,49.42997753864,0.5807121621890252,49.35329633435787,48.88838573809956,51.03076208161459,7
219,Xalapa,11,2,65.453573561,53.57499697160727,1.5643410394016095e-4,54.093687721318055,49.739417869590035,59.02421887379336,232,48.8883844566,49.42997753864,0.5807121621890252,49.35329633435787,48.88838573809956,51.03076208161459,7
225,Veracruz,9,4,33.01251464195,33.5341198322627,0.6761312836006754,33.33814376273514,31.733091912334615,35.38245357601291,3790,48.8883844566,49.42997753864,0.5807121621890252,49.35329633435787,48.88838573809956,51.03076208161459,7
234,Nuevo Laredo,5,4,42.38217118375,32.8482687404,0.1814492077214203,25.89169531185067,21.62946975344864,28.923795755,0,48.8883844566,49.42997753864,0.5807121621890252,49.35329633435787,48.88838573809956,51.03076208161459,7
239,McAllen,6,4,42.38217118375,39.878876017128334,0.1616862165920406,40.32234612642175,33.01252766762794,45.444160926893026,25,48.8883844566,49.42997753864,0.5807121621890252,49.35329633435787,48.88838573809956,51.03076208161459,7
241,Spokane,1,1,NA,NA,NA,NA,NA,NA,NA,NA,NA,NA,NA,NA,NA,NA
249,Tuxtla Gutiérrez,8,2,65.453573561,53.293662247592856,8.697368601782436e-4,52.59502835091788,47.664356167173096,59.02427051433085,33,48.8883844566,49.42997753864,0.5807121621890252,49.35329633435787,48.88838573809956,51.03076208161459,7
250,San Antonio,4,3,41.7037110345,36.237464403375,0.37109336952269756,30.771217772333333,30.77121777225,30.77121777225,0,48.8883844566,49.42997753864,0.5807121621890252,49.35329633435787,48.88838573809956,51.03076208161459,7
255,Villahermosa,12,4,33.01251464195,38.653031679098234,1.5988875171429807e-26,39.247962108703376,38.41491373940545,40.002213934331856,92531,48.8883844566,49.42997753864,0.5807121621890252,49.35329633435787,48.88838573809956,51.03076208161459,7
266,Colorado Springs,1,1,NA,NA,NA,NA,NA,NA,NA,NA,NA,NA,NA,NA,NA,NA
273,Denver,1,1,NA,NA,NA,NA,NA,NA,NA,NA,NA,NA,NA,NA,NA,NA
274,Austin,4,2,29.8287797715,50.845518982083334,0.10247043485974944,65.4535080132419,39.441767803697374,65.453573561,14,48.8883844566,49.42997753864,0.5807121621890252,49.35329633435787,48.88838573809956,51.03076208161459,7
289,Guatemala City,10,4,28.923795755,39.62831862625952,3.556867277129551e-28,40.1692426534987,38.752867360747445,41.21366994626329,20434,48.8883844566,49.42997753864,0.5807121621890252,49.35329633435787,48.88838573809956,51.03076208161459,7
302,Cobán,11,0,NA,NA,NA,NA,NA,NA,NA,NA,NA,NA,NA,NA,NA,NA
316,Houston,3,1,NA,NA,NA,NA,NA,NA,NA,NA,NA,NA,NA,NA,NA,NA
322,San Salvador,9,3,56.88118412426667,40.079499141276585,1.3781560999463624e-14,40.31344397142565,38.220908711564384,41.733609754606725,36,48.8883844566,49.42997753864,0.5807121621890252,49.35329633435787,48.88838573809956,51.03076208161459,7
324,Dallas,2,1,NA,NA,NA,NA,NA,NA,NA,NA,NA,NA,NA,NA,NA,NA
347,San Pedro Sula,12,1,NA,NA,NA,NA,NA,NA,NA,NA,NA,NA,NA,NA,NA,NA
351,Oklahoma City,1,1,NA,NA,NA,NA,NA,NA,NA,NA,NA,NA,NA,NA,NA,NA
352,Mérida,7,2,65.453573561,54.912281098590476,0.04165349539461628,53.75532033293513,47.641147500363374,59.024334778142176,33,48.8883844566,49.42997753864,0.5807121621890252,49.35329633435787,48.88838573809956,51.03076208161459,7
361,Tegucigalpa,10,4,33.01251464195,39.05297677415,6.686761778057013e-16,39.76856910823534,38.41491938625129,40.45938484704005,17579,48.8883844566,49.42997753864,0.5807121621890252,49.35329633435787,48.88838573809956,51.03076208161459,7
364,Calgary,1,0,NA,NA,NA,NA,NA,NA,NA,NA,NA,NA,NA,NA,NA,NA
369,Managua,8,5,33.658034485179996,33.03299298463857,0.41328949073430077,32.9290453737595,30.740218860348957,34.82145013918573,647,48.8883844566,49.42997753864,0.5807121621890252,49.35329633435787,48.88838573809956,51.03076208161459,7
385,Wichita,1,1,NA,NA,NA,NA,NA,NA,NA,NA,NA,NA,NA,NA,NA,NA
387,Tulsa,1,1,NA,NA,NA,NA,NA,NA,NA,NA,NA,NA,NA,NA,NA,NA
394,San José,14,4,51.720916557725,39.465787116122904,1.3441739911923693e-162,39.88650026071271,39.33035342882882,40.1874448145243,1752,48.8883844566,49.42997753864,0.5807121621890252,49.35329633435787,48.88838573809956,51.03076208161459,7
396,Cancún,11,3,56.88118412426667,43.681604207412725,3.374853984140303e-26,43.060599016554164,41.73353239240622,44.42355987482267,203,48.8883844566,49.42997753864,0.5807121621890252,49.35329633435787,48.88838573809956,51.03076208161459,7
399,Baton Rouge,2,1,NA,NA,NA,NA,NA,NA,NA,NA,NA,NA,NA,NA,NA,NA
402,New Orleans,3,1,NA,NA,NA,NA,NA,NA,NA,NA,NA,NA,NA,NA,NA,NA
405,Edmonton,1,0,NA,NA,NA,NA,NA,NA,NA,NA,NA,NA,NA,NA,NA,NA
413,Kansas City,1,1,NA,NA,NA,NA,NA,NA,NA,NA,NA,NA,NA,NA,NA,NA
419,Omaha,1,1,NA,NA,NA,NA,NA,NA,NA,NA,NA,NA,NA,NA,NA,NA
429,Guayaquil,10,5,38.33406233418,34.460531417384765,8.781064761597262e-18,34.56956458459954,33.87224994299139,35.277999341435425,5725,48.8883844566,49.42997753864,0.5807121621890252,49.35329633435787,48.88838573809956,51.03076208161459,7
443,Chiclayo,4,2,29.828779770999997,52.7938639185,0.09375000000000004,47.641176666,29.828779771,65.45357356000001,19,48.8883844566,49.42997753864,0.5807121621890252,49.35329633435787,48.88838573809956,51.03076208161459,7
444,Memphis,1,1,NA,NA,NA,NA,NA,NA,NA,NA,NA,NA,NA,NA,NA,NA
457,Cuenca,8,4,51.720916556000006,40.645270262835716,2.4264579477641326e-12,40.21939505442291,39.41350808715426,41.31183980491703,35,48.8883844566,49.42997753864,0.5807121621890252,49.35329633435787,48.88838573809956,51.03076208161459,7
459,Panama City,12,2,65.4535735629,53.09577607251364,2.621475612472974e-8,54.93554736703877,52.59503271311851,59.024202510689136,195,48.8883844566,49.42997753864,0.5807121621890252,49.35329633435787,48.88838573809956,51.03076208161459,7
468,Quito,9,1,NA,NA,NA,NA,NA,NA,NA,NA,NA,NA,NA,NA,NA,NA
474,Havana,11,4,44.426530626825,36.08986017626901,6.656621552178765e-34,36.34529617053097,35.15719618417984,37.19968725232561,6047,48.8883844566,49.42997753864,0.5807121621890252,49.35329633435787,48.88838573809956,51.03076208161459,7
475,Des Moines,1,1,NA,NA,NA,NA,NA,NA,NA,NA,NA,NA,NA,NA,NA,NA
488,St. Louis,1,1,NA,NA,NA,NA,NA,NA,NA,NA,NA,NA,NA,NA,NA,NA
501,Bradenton,4,2,65.4535735605,55.2299132106,0.2807126652684958,52.59503244301254,41.211933409843276,65.4534969205128,3,48.8883844566,49.42997753864,0.5807121621890252,49.35329633435787,48.88838573809956,51.03076208161459,7
502,Tampa,4,1,NA,NA,NA,NA,NA,NA,NA,NA,NA,NA,NA,NA,NA,NA
508,Cape Coral,4,2,65.4535735605,55.2299132106,0.2807126652684958,52.59503244301254,41.211933409843276,65.4534969205128,3,48.8883844566,49.42997753864,0.5807121621890252,49.35329633435787,48.88838573809956,51.03076208161459,7
514,Cali,11,2,65.45357356000001,53.35284949301091,7.518669257695594e-5,54.9355280424853,52.59506578626425,59.02426036146514,297,48.8883844566,49.42997753864,0.5807121621890252,49.35329633435787,48.88838573809956,51.03076208161459,7
530,Lima,8,3,41.703711033333335,46.988817008692855,2.020752107738211e-4,47.36309718411678,45.21992163248022,49.292403770263434,1214,48.8883844566,49.42997753864,0.5807121621890252,49.35329633435787,48.88838573809956,51.03076208161459,7
532,Nashville,1,1,NA,NA,NA,NA,NA,NA,NA,NA,NA,NA,NA,NA,NA,NA
544,Pereira,9,3,56.88118412326667,44.22359618741191,2.457193358419207e-14,45.0398498400468,42.49421758881321,46.58208153553088,75,48.8883844566,49.42997753864,0.5807121621890252,49.35329633435787,48.88838573809956,51.03076208161459,7
549,Armenia,8,3,56.88118412326667,44.86668647479524,1.3197924248957465e-9,45.21998960818729,43.18042928920886,47.143420017243095,54,48.8883844566,49.42997753864,0.5807121621890252,49.35329633435787,48.88838573809956,51.03076208161459,7
557,Minneapolis [Saint Paul],1,1,NA,NA,NA,NA,NA,NA,NA,NA,NA,NA,NA,NA,NA,NA
559,Miami,5,2,29.8287797715,54.1557604774,0.009151688852650072,59.024217451749884,52.49410626492852,65.45352265436168,45,48.8883844566,49.42997753864,0.5807121621890252,49.35329633435787,48.88838573809956,51.03076208161459,7
562,Atlanta,1,1,NA,NA,NA,NA,NA,NA,NA,NA,NA,NA,NA,NA,NA,NA
564,Medellín,9,2,65.45357356000001,51.09769119808333,3.301451882977553e-4,52.595062618681546,47.66434555895604,59.02423951880779,104,48.8883844566,49.42997753864,0.5807121621890252,49.35329633435787,48.88838573809956,51.03076208161459,7
569,Manizales,9,3,56.881184122666674,47.12388624311627,3.2665271700036e-11,47.938332885800186,45.6620446883779,49.901927858946244,297,48.8883844566,49.42997753864,0.5807121621890252,49.35329633435787,48.88838573809956,51.03076208161459,7
571,Orlando,2,1,NA,NA,NA,NA,NA,NA,NA,NA,NA,NA,NA,NA,NA,NA
573,Neiva,8,3,51.429558940666674,43.444560480705356,0.004355328891320765,43.18041980104596,41.73356861642738,45.32360082136397,448,48.8883844566,49.42997753864,0.5807121621890252,49.35329633435787,48.88838573809956,51.03076208161459,7
578,Ibagué,12,3,51.429558940666674,46.54359035350076,1.7835425336648634e-6,47.36314746139185,45.78813978875704,49.28637408504376,7640,48.8883844566,49.42997753864,0.5807121621890252,49.35329633435787,48.88838573809956,51.03076208161459,7
589,Cartagena,9,5,31.14689570458,32.911863082535874,0.060578915711915086,32.59460985949174,31.371967045830132,34.23000807283508,4628,48.8883844566,49.42997753864,0.5807121621890252,49.35329633435787,48.88838573809956,51.03076208161459,7
597,Palm Bay,3,1,NA,NA,NA,NA,NA,NA,NA,NA,NA,NA,NA,NA,NA,NA
598,Jacksonville,2,1,NA,NA,NA,NA,NA,NA,NA,NA,NA,NA,NA,NA,NA,NA
603,Kingston,10,5,34.02323933826,33.598427754548176,0.4191970147262213,33.71389945450918,32.6106127134053,34.467989804463215,14643,48.8883844566,49.42997753864,0.5807121621890252,49.35329633435787,48.88838573809956,51.03076208161459,7
624,Bogota,9,1,NA,NA,NA,NA,NA,NA,NA,NA,NA,NA,NA,NA,NA,NA
627,Louisville,1,1,NA,NA,NA,NA,NA,NA,NA,NA,NA,NA,NA,NA,NA,NA
628,Winnipeg,1,0,NA,NA,NA,NA,NA,NA,NA,NA,NA,NA,NA,NA,NA,NA
629,Barranquilla,10,5,20.181618969200002,31.309043318209604,6.864880572318326e-35,31.463592524304303,30.69082910772793,32.448730179886034,30001,48.8883844566,49.42997753864,0.5807121621890252,49.35329633435787,48.88838573809956,51.03076208161459,7
639,Chicago,1,1,NA,NA,NA,NA,NA,NA,NA,NA,NA,NA,NA,NA,NA,NA
640,Joliet,1,1,NA,NA,NA,NA,NA,NA,NA,NA,NA,NA,NA,NA,NA,NA
642,Madison,1,1,NA,NA,NA,NA,NA,NA,NA,NA,NA,NA,NA,NA,NA,NA
650,Villavicencio,12,2,65.4535735629,52.165294320566666,2.3606445704719887e-8,54.935547908409376,52.59493421425236,59.02422181586403,180,48.8883844566,49.42997753864,0.5807121621890252,49.35329633435787,48.88838573809956,51.03076208161459,7
655,Indianapolis,1,1,NA,NA,NA,NA,NA,NA,NA,NA,NA,NA,NA,NA,NA,NA
658,Santa Marta,11,3,30.771217772333333,41.72257714782424,4.3878404087159694e-13,41.73363332812868,40.31351074027608,43.18055865429773,10933,48.8883844566,49.42997753864,0.5807121621890252,49.35329633435787,48.88838573809956,51.03076208161459,7
666,Waukegan,1,1,NA,NA,NA,NA,NA,NA,NA,NA,NA,NA,NA,NA,NA,NA
669,Lexington,1,1,NA,NA,NA,NA,NA,NA,NA,NA,NA,NA,NA,NA,NA,NA
674,Bucaramanga,9,2,65.453573561,54.46828146707777,0.0017536504563570336,54.93553248879668,52.594965567533094,59.0242293803108,114,48.8883844566,49.42997753864,0.5807121621890252,49.35329633435787,48.88838573809956,51.03076208161459,7
679,Milwaukee,1,1,NA,NA,NA,NA,NA,NA,NA,NA,NA,NA,NA,NA,NA,NA
682,Valledupar,11,3,30.771217772333333,43.499419365814546,1.5589161510171643e-17,43.82621015723147,41.733588384822085,48.49965010036798,11316,48.8883844566,49.42997753864,0.5807121621890252,49.35329633435787,48.88838573809956,51.03076208161459,7
685,Cincinnati,1,1,NA,NA,NA,NA,NA,NA,NA,NA,NA,NA,NA,NA,NA,NA
706,Dayton,1,1,NA,NA,NA,NA,NA,NA,NA,NA,NA,NA,NA,NA,NA,NA
711,Charlotte,1,1,NA,NA,NA,NA,NA,NA,NA,NA,NA,NA,NA,NA,NA,NA
724,Maracaibo,12,2,13.430039877999999,52.31234666164242,1.2252844948718139e-11,59.024233356103124,53.824477544477425,59.024321160207116,1998,48.8883844566,49.42997753864,0.5807121621890252,49.35329633435787,48.88838573809956,51.03076208161459,7
728,Cusco,7,3,56.88118412326667,42.25963927943714,1.930343967341385e-5,41.75350317118276,36.449485956083336,45.219912043726325,41,48.8883844566,49.42997753864,0.5807121621890252,49.35329633435787,48.88838573809956,51.03076208161459,7
729,Mérida,14,1,NA,NA,NA,NA,NA,NA,NA,NA,NA,NA,NA,NA,NA,NA
730,Grand Rapids,1,1,NA,NA,NA,NA,NA,NA,NA,NA,NA,NA,NA,NA,NA,NA
734,Columbus,1,1,NA,NA,NA,NA,NA,NA,NA,NA,NA,NA,NA,NA,NA,NA
746,Port-au-Prince,10,2,65.4535735605,46.28509973894667,5.656896284210305e-8,47.664386383093586,43.31013409028087,52.5949587547443,29.5,48.8883844566,49.42997753864,0.5807121621890252,49.35329633435787,48.88838573809956,51.03076208161459,7
758,Arequipa,6,5,35.80846892218,32.108129371076664,0.10034824646229079,29.766897263725717,24.74479866672934,33.85119694396,0,48.8883844566,49.42997753864,0.5807121621890252,49.35329633435787,48.88838573809956,51.03076208161459,7
759,Toledo,1,1,NA,NA,NA,NA,NA,NA,NA,NA,NA,NA,NA,NA,NA,NA
775,Detroit,1,1,NA,NA,NA,NA,NA,NA,NA,NA,NA,NA,NA,NA,NA,NA
780,Raleigh,1,1,NA,NA,NA,NA,NA,NA,NA,NA,NA,NA,NA,NA,NA,NA
788,Barquisimeto,12,3,51.429558940666674,42.89566770896666,8.561792340621617e-11,42.597766570131,41.733554416842104,43.826204873369946,6020,48.8883844566,49.42997753864,0.5807121621890252,49.35329633435787,48.88838573809956,51.03076208161459,7
795,Cleveland,1,1,NA,NA,NA,NA,NA,NA,NA,NA,NA,NA,NA,NA,NA,NA
821,Santo Domingo,9,3,41.7037110345,39.141833293740476,0.17100962642733314,39.26943252672501,37.17797549660024,41.719261517954045,1441,48.8883844566,49.42997753864,0.5807121621890252,49.35329633435787,48.88838573809956,51.03076208161459,7
824,Pittsburgh,1,1,NA,NA,NA,NA,NA,NA,NA,NA,NA,NA,NA,NA,NA,NA
826,Valencia,15,2,13.430039877999999,52.83503681056762,3.378043299817133e-18,54.93559301426828,53.75530132581012,59.024257567247496,5232,48.8883844566,49.42997753864,0.5807121621890252,49.35329633435787,48.88838573809956,51.03076208161459,7
827,Iquique,3,2,29.828779770999997,53.57864229733333,0.25000000000000006,56.547375113,29.828779771,65.453573561,6,48.8883844566,49.42997753864,0.5807121621890252,49.35329633435787,48.88838573809956,51.03076208161459,7
838,Maracay,15,5,23.3139057992,34.267658890679535,0,34.363195625143504,34.14235262415378,34.665993013896355,4356580,48.8883844566,49.42997753864,0.5807121621890252,49.35329633435787,48.88838573809956,51.03076208161459,7
839,London,1,1,NA,NA,NA,NA,NA,NA,NA,NA,NA,NA,NA,NA,NA,NA
852,Virginia Beach,2,1,NA,NA,NA,NA,NA,NA,NA,NA,NA,NA,NA,NA,NA,NA
854,El Alto [La Paz],9,4,49.279427312225,37.10981010899266,5.317976057910301e-22,37.14699665384428,36.33625788485403,37.97160220214121,40,48.8883844566,49.42997753864,0.5807121621890252,49.35329633435787,48.88838573809956,51.03076208161459,7
855,Newport News,1,1,NA,NA,NA,NA,NA,NA,NA,NA,NA,NA,NA,NA,NA,NA
858,Los Teques,14,1,NA,NA,NA,NA,NA,NA,NA,NA,NA,NA,NA,NA,NA,NA
860,Washington D.C.,1,1,NA,NA,NA,NA,NA,NA,NA,NA,NA,NA,NA,NA,NA,NA
862,Caracas,14,2,13.430039877999999,52.45093642681429,7.650692862792462e-16,54.93559281375796,53.755304826575184,59.0242739180261,3895,48.8883844566,49.42997753864,0.5807121621890252,49.35329633435787,48.88838573809956,51.03076208161459,7
870,Kitchener,1,1,NA,NA,NA,NA,NA,NA,NA,NA,NA,NA,NA,NA,NA,NA
880,Toronto,1,1,NA,NA,NA,NA,NA,NA,NA,NA,NA,NA,NA,NA,NA,NA
885,Baltimore,1,1,NA,NA,NA,NA,NA,NA,NA,NA,NA,NA,NA,NA,NA,NA
889,La Serena,5,3,41.703711034,48.0593044105,0.05808862639856327,50.48114324731368,44.0811064897822,56.881184123666664,32,48.8883844566,49.42997753864,0.5807121621890252,49.35329633435787,48.88838573809956,51.03076208161459,7
895,Buffalo,1,1,NA,NA,NA,NA,NA,NA,NA,NA,NA,NA,NA,NA,NA,NA
902,Cochabamba,9,3,44.081123076000004,45.677498002454364,0.01479237358558107,47.01461460995269,44.31164770213603,47.36308791895992,2332,48.8883844566,49.42997753864,0.5807121621890252,49.35329633435787,48.88838573809956,51.03076208161459,7
903,Philadelphia,1,1,NA,NA,NA,NA,NA,NA,NA,NA,NA,NA,NA,NA,NA,NA
904,Oshawa,1,1,NA,NA,NA,NA,NA,NA,NA,NA,NA,NA,NA,NA,NA,NA
906,Viña del Mar [Valparaíso],4,2,52.594989404,57.96736358033334,0.58621368107314,65.4534927764719,49.42419476659897,65.453573562,10,48.8883844566,49.42997753864,0.5807121621890252,49.35329633435787,48.88838573809956,51.03076208161459,7
907,Río Piedras [San Juan],11,5,25.970160052399997,34.480857290481,4.719546449524117e-54,34.64234468840162,34.037675192230395,35.416504280310605,97925,48.8883844566,49.42997753864,0.5807121621890252,49.35329633435787,48.88838573809956,51.03076208161459,7
915,Rochester,1,1,NA,NA,NA,NA,NA,NA,NA,NA,NA,NA,NA,NA,NA,NA
918,Allentown,2,1,NA,NA,NA,NA,NA,NA,NA,NA,NA,NA,NA,NA,NA,NA
919,Concepción,4,1,NA,NA,NA,NA,NA,NA,NA,NA,NA,NA,NA,NA,NA,NA
936,Santiago,3,2,65.45357356000001,54.767348317999996,0.17356816655592155,52.17443528256967,65.45357356,65.45357356,0,48.8883844566,49.42997753864,0.5807121621890252,49.35329633435787,48.88838573809956,51.03076208161459,7
950,New York,2,1,NA,NA,NA,NA,NA,NA,NA,NA,NA,NA,NA,NA,NA,NA
954,Brick,1,1,NA,NA,NA,NA,NA,NA,NA,NA,NA,NA,NA,NA,NA,NA
955,Syracuse,1,1,NA,NA,NA,NA,NA,NA,NA,NA,NA,NA,NA,NA,NA,NA
963,Temuco,3,2,52.594989404,61.167378842,0.37109336952269756,65.453573562,65.453573561,65.453573561,3,48.8883844566,49.42997753864,0.5807121621890252,49.35329633435787,48.88838573809956,51.03076208161459,7
971,Mendoza,4,3,56.88118412326667,50.481153599875,0.37109336952269756,44.08112307696667,44.08112307648334,44.08112307648334,0,48.8883844566,49.42997753864,0.5807121621890252,49.35329633435787,48.88838573809956,51.03076208161459,7
974,Salta,7,2,65.45357356000001,52.05552550635238,0.0811446387215515,49.424168049893005,43.65148951329974,59.02432212870404,45,48.8883844566,49.42997753864,0.5807121621890252,49.35329633435787,48.88838573809956,51.03076208161459,7
977,Bridgeport,1,1,NA,NA,NA,NA,NA,NA,NA,NA,NA,NA,NA,NA,NA,NA
981,Santa Cruz de la Sierra,12,4,37.22213190745,37.54941398785677,0.054842684074378215,37.84772720889451,37.3884855849214,38.46168633514836,67494,48.8883844566,49.42997753864,0.5807121621890252,49.35329633435787,48.88838573809956,51.03076208161459,7
992,Port of Spain,13,3,56.88118412426667,44.017013224635896,3.97043512872549e-45,43.826265342331716,42.49417690084569,45.21995977944842,477,48.8883844566,49.42997753864,0.5807121621890252,49.35329633435787,48.88838573809956,51.03076208161459,7
994,Ottawa,1,1,NA,NA,NA,NA,NA,NA,NA,NA,NA,NA,NA,NA,NA,NA
1002,Hartford,1,1,NA,NA,NA,NA,NA,NA,NA,NA,NA,NA,NA,NA,NA,NA
1009,Springfield,1,1,NA,NA,NA,NA,NA,NA,NA,NA,NA,NA,NA,NA,NA,NA
1011,Manaus,10,3,56.88118412426667,42.1982964174625,7.981955836854361e-19,42.02546760607666,40.68460833248977,43.18049527163954,211,48.8883844566,49.42997753864,0.5807121621890252,49.35329633435787,48.88838573809956,51.03076208161459,7
1014,Providence,1,1,NA,NA,NA,NA,NA,NA,NA,NA,NA,NA,NA,NA,NA,NA
1022,Montreal,1,1,NA,NA,NA,NA,NA,NA,NA,NA,NA,NA,NA,NA,NA,NA
1027,Boston,1,1,NA,NA,NA,NA,NA,NA,NA,NA,NA,NA,NA,NA,NA,NA
1040,Cordoba,6,5,32.9033511012,30.411134260153332,0.5807121621890252,29.165004881121632,21.304394315878667,37.02572829738,3,48.8883844566,49.42997753864,0.5807121621890252,49.35329633435787,48.88838573809956,51.03076208161459,7
1053,Quebec,1,1,NA,NA,NA,NA,NA,NA,NA,NA,NA,NA,NA,NA,NA,NA
1068,Cuiabá,15,5,30.77986659556,31.483518932806188,7.265041753442229e-8,31.726624821206386,31.460813982276584,31.94073214157772,2511109,48.8883844566,49.42997753864,0.5807121621890252,49.35329633435787,48.88838573809956,51.03076208161459,7
1079,Asuncion,12,5,22.510190629980002,31.485812260697653,5.177277818339687e-94,31.689783146590443,31.07191062167389,32.12565810321511,289486,48.8883844566,49.42997753864,0.5807121621890252,49.35329633435787,48.88838573809956,51.03076208161459,7
1096,Campo Grande,13,7,21.971696050285715,24.92498387878097,1.4341433225925333e-69,24.834738941437568,24.582544064424102,25.11069769606516,1089160,48.8883844566,49.42997753864,0.5807121621890252,49.35329633435787,48.88838573809956,51.03076208161459,7
1112,Posadas,12,6,24.798511167666668,27.935580018193146,3.528202560645308e-32,28.016021626628692,27.629643668509377,28.403852988784173,305801,48.8883844566,49.42997753864,0.5807121621890252,49.35329633435787,48.88838573809956,51.03076208161459,7
1122,La Plata,6,3,20.9410226963,44.50339813579333,1.377589005783878e-4,46.63257890235003,41.05417202374824,52.012351593887544,190,48.8883844566,49.42997753864,0.5807121621890252,49.35329633435787,48.88838573809956,51.03076208161459,7
1123,Ciudad del Este,15,2,65.45357356000001,52.661880206285716,2.924612607944663e-5,54.93554133105539,53.75527006086121,59.024245943462844,1475,48.8883844566,49.42997753864,0.5807121621890252,49.35329633435787,48.88838573809956,51.03076208161459,7
1143,Montevideo,5,4,51.720916556725,38.46918988498,0.1814492077214203,29.45784922816583,24.765855488967638,32.069160412725,0,48.8883844566,49.42997753864,0.5807121621890252,49.35329633435787,48.88838573809956,51.03076208161459,7
1146,Mar del Plata,4,3,20.9410226963,39.98265208961667,0.09751253817810959,40.671194161151114,25.227172338208735,56.881184123266664,10,48.8883844566,49.42997753864,0.5807121621890252,49.35329633435787,48.88838573809956,51.03076208161459,7
1167,Londrina,14,4,51.720916556725,36.836442065343455,8.124425043296437e-157,36.738074192611684,36.03298556685844,37.579968107893755,4663.5,48.8883844566,49.42997753864,0.5807121621890252,49.35329633435787,48.88838573809956,51.03076208161459,7
1170,Belém,12,2,65.4535735629,51.88409936264091,9.304634028627985e-9,53.824481461453985,52.59495949154754,59.024231075374026,181,48.8883844566,49.42997753864,0.5807121621890252,49.35329633435787,48.88838573809956,51.03076208161459,7
1182,Goiânia,13,7,24.4981672978,29.882792496264386,2.2733977581735283e-175,30.05039799677207,29.796382659131474,30.27284918495728,1313479,48.8883844566,49.42997753864,0.5807121621890252,49.35329633435787,48.88838573809956,51.03076208161459,7
1215,Ceilândia,12,3,30.77121777296667,44.64991050721591,8.832447037764182e-28,45.44848498625948,43.826174067884175,47.65218558184203,21764,48.8883844566,49.42997753864,0.5807121621890252,49.35329633435787,48.88838573809956,51.03076208161459,7
1219,Novo Hamburgo,8,6,31.171217663533334,27.174326947948217,8.702778069405483e-4,26.578462912328554,24.904259430541032,28.401829122208444,44,48.8883844566,49.42997753864,0.5807121621890252,49.35329633435787,48.88838573809956,51.03076208161459,7
1223,Porto Alegre,8,4,51.720916556725,36.33290042792286,1.6648067508297484e-12,36.0249148514188,34.19603362994428,37.33385462934692,0,48.8883844566,49.42997753864,0.5807121621890252,49.35329633435787,48.88838573809956,51.03076208161459,7
1247,Curitiba,12,4,51.720916556725,39.655267930704646,8.485886988411794e-77,39.86764604295044,38.826996184460086,40.4606726329048,1782,48.8883844566,49.42997753864,0.5807121621890252,49.35329633435787,48.88838573809956,51.03076208161459,7
1276,Piracicaba,14,3,56.88118412326667,44.595788204058884,4.661070672786496e-47,44.751247992874625,43.18054670416218,45.78820869478806,4273,48.8883844566,49.42997753864,0.5807121621890252,49.35329633435787,48.88838573809956,51.03076208161459,7
1291,Sorocaba,14,4,51.720916556725,38.80459439747315,1.222046097575577e-156,39.06877262083576,38.47320423138121,39.62432682537721,5193,48.8883844566,49.42997753864,0.5807121621890252,49.35329633435787,48.88838573809956,51.03076208161459,7
1296,Campinas,14,3,56.88118412326667,44.595788204058884,4.661070672786496e-47,44.751247992874625,43.18054670416218,45.78820869478806,4273,48.8883844566,49.42997753864,0.5807121621890252,49.35329633435787,48.88838573809956,51.03076208161459,7
1307,Jundiaí,14,3,56.88118412326667,44.595788204058884,4.661070672786496e-47,44.751247992874625,43.18054670416218,45.78820869478806,4273,48.8883844566,49.42997753864,0.5807121621890252,49.35329633435787,48.88838573809956,51.03076208161459,7
1318,Praia Grande,13,2,65.4535735629,52.71258756123589,1.2540942200896429e-7,54.935542937124985,52.59500402049206,59.02424947173231,479,48.8883844566,49.42997753864,0.5807121621890252,49.35329633435787,48.88838573809956,51.03076208161459,7
1325,Santos,13,3,56.88118412326667,44.85221988200466,1.8970044246688152e-36,45.3235559692134,43.1804815306604,47.06889123177041,2870,48.8883844566,49.42997753864,0.5807121621890252,49.35329633435787,48.88838573809956,51.03076208161459,7
1329,Sao Jose dos Campos,13,3,56.88118412326667,44.85221988200466,1.8970044246688152e-36,45.3235559692134,43.1804815306604,47.06889123177041,2870,48.8883844566,49.42997753864,0.5807121621890252,49.35329633435787,48.88838573809956,51.03076208161459,7
1334,Taubaté,13,3,56.88118412326667,44.85221988200466,1.8970044246688152e-36,45.3235559692134,43.1804815306604,47.06889123177041,2870,48.8883844566,49.42997753864,0.5807121621890252,49.35329633435787,48.88838573809956,51.03076208161459,7
1351,Belo Horizonte,12,2,65.4535735629,53.189826403375754,3.091877639955898e-6,54.93562334956497,53.75523768551362,59.02423997742703,375,48.8883844566,49.42997753864,0.5807121621890252,49.35329633435787,48.88838573809956,51.03076208161459,7
1367,Rio de Janeiro,12,2,65.453573561,53.679084196184846,4.704104357131658e-5,54.935501261419134,53.7552139839843,59.024243279592845,468,48.8883844566,49.42997753864,0.5807121621890252,49.35329633435787,48.88838573809956,51.03076208161459,7
1378,Sao Goncalo,12,1,NA,NA,NA,NA,NA,NA,NA,NA,NA,NA,NA,NA,NA,NA
1406,Vila Velha,12,1,NA,NA,NA,NA,NA,NA,NA,NA,NA,NA,NA,NA,NA,NA
1412,Fortaleza,11,2,13.430039877999999,50.40520420874182,6.754770439297134e-10,54.93550126221349,53.75526714687502,59.02431254890796,1367,48.8883844566,49.42997753864,0.5807121621890252,49.35329633435787,48.88838573809956,51.03076208161459,7
1417,Feira de Santana,10,1,NA,NA,NA,NA,NA,NA,NA,NA,NA,NA,NA,NA,NA,NA
1426,Salvador,12,2,13.430039877999999,52.68721924162879,8.375553084593896e-12,54.935582245822204,54.09366082307655,59.02431350708398,2006,48.8883844566,49.42997753864,0.5807121621890252,49.35329633435787,48.88838573809956,51.03076208161459,7
1451,Recife,10,3,4.024330528,41.760786741652225,2.9086599261934414e-21,41.413156083767966,40.31347957412865,43.82620556550297,7140,48.8883844566,49.42997753864,0.5807121621890252,49.35329633435787,48.88838573809956,51.03076208161459,7
1458,Dakar,13,3,21.50037267753333,37.2727480786997,3.9331990858038037e-44,36.9446173350913,36.291754326999936,39.1382539466125,39048,48.8883844566,49.42997753864,0.5807121621890252,49.35329633435787,48.88838573809956,51.03076208161459,7
1461,Serrekunda,11,6,22.434936126766665,27.907583284253924,5.957042543284985e-60,28.04967559844704,27.65078905442932,28.483416363534428,99984,48.8883844566,49.42997753864,0.5807121621890252,49.35329633435787,48.88838573809956,51.03076208161459,7
1493,Santa Cruz de Tenerife,4,1,NA,NA,NA,NA,NA,NA,NA,NA,NA,NA,NA,NA,NA,NA
1499,Las Palmas de Gran Canaria,3,2,3.43839869,12.714394875866667,0.34577858615116025,17.3523929688,NA,NA,3,48.8883844566,49.42997753864,0.5807121621890252,49.35329633435787,48.88838573809956,51.03076208161459,7
1557,Lisbon,3,2,32.101522340500004,27.185145882866667,0.25000000000000006,28.414239996975002,17.3523929688,32.1015223405,0,48.8883844566,49.42997753864,0.5807121621890252,49.35329633435787,48.88838573809956,51.03076208161459,7
1574,Vigo,3,2,32.101522340500004,27.185145882866667,0.25000000000000006,28.414239996975002,17.3523929688,32.1015223405,0,48.8883844566,49.42997753864,0.5807121621890252,49.35329633435787,48.88838573809956,51.03076208161459,7
1575,Porto,3,2,32.101522340500004,27.185145882866667,0.25000000000000006,28.414239996975002,17.3523929688,32.1015223405,0,48.8883844566,49.42997753864,0.5807121621890252,49.35329633435787,48.88838573809956,51.03076208161459,7
1576,Marrakesh,4,3,22.268769425666665,20.840479718833333,0.37109336952269756,19.4121900122,19.412190012,19.412190012,0,48.8883844566,49.42997753864,0.5807121621890252,49.35329633435787,48.88838573809956,51.03076208161459,7
1602,Rabat,4,4,18.92929667645,NA,NA,NA,NA,NA,NA,NA,NA,NA,NA,NA,NA,NA
1639,Seville,5,3,24.3713077029,21.86630018051333,0.005825024199461524,22.268711132033015,19.959110829500663,23.320098524575116,0,48.8883844566,49.42997753864,0.5807121621890252,49.35329633435787,48.88838573809956,51.03076208161459,7
1663,Dublin,4,3,24.3713077029,20.925472027841664,0.09751253817810959,20.391342306287786,19.412155651764344,24.371307702899998,0,48.8883844566,49.42997753864,0.5807121621890252,49.35329633435787,48.88838573809956,51.03076208161459,7
1684,Málaga,5,3,24.3713077029,21.86630018051333,0.005825024199461524,22.268711132033015,19.959110829500663,23.320098524575116,0,48.8883844566,49.42997753864,0.5807121621890252,49.35329633435787,48.88838573809956,51.03076208161459,7
1689,Valladolid,5,3,24.3713077029,21.86630018051333,0.005825024199461524,22.268711132033015,19.959110829500663,23.320098524575116,0,48.8883844566,49.42997753864,0.5807121621890252,49.35329633435787,48.88838573809956,51.03076208161459,7
1708,Madrid,5,4,19.685692605150003,18.48798739426,0.0579072654172973,18.929342136297038,15.2099584084,19.68569260515,0,48.8883844566,49.42997753864,0.5807121621890252,49.35329633435787,48.88838573809956,51.03076208161459,7
1714,Plymouth,4,4,19.685692605150003,NA,NA,NA,NA,NA,NA,NA,NA,NA,NA,NA,NA,NA
1715,Granada,5,3,24.3713077029,21.86630018051333,0.005825024199461524,22.268711132033015,19.959110829500663,23.320098524575116,0,48.8883844566,49.42997753864,0.5807121621890252,49.35329633435787,48.88838573809956,51.03076208161459,7
1716,Glasgow,4,2,20.5062003841,25.06408193965,0.3990751965482373,26.30384588357687,16.786934087477093,32.1015223406,15,48.8883844566,49.42997753864,0.5807121621890252,49.35329633435787,48.88838573809956,51.03076208161459,7
1744,Bilbao,5,3,24.3713077029,21.86630018051333,0.005825024199461524,22.268711132033015,19.959110829500663,23.320098524575116,0,48.8883844566,49.42997753864,0.5807121621890252,49.35329633435787,48.88838573809956,51.03076208161459,7
1748,Cardiff,4,3,24.3713077029,20.925472027841664,0.09751253817810959,20.391342306287786,19.412155651764344,24.371307702899998,0,48.8883844566,49.42997753864,0.5807121621890252,49.35329633435787,48.88838573809956,51.03076208161459,7
1756,Edinburgh,4,4,19.685692605150003,NA,NA,NA,NA,NA,NA,NA,NA,NA,NA,NA,NA,NA
1758,Liverpool,5,4,19.685692605150003,18.48798739426,0.0579072654172973,18.929342136297038,15.2099584084,19.68569260515,0,48.8883844566,49.42997753864,0.5807121621890252,49.35329633435787,48.88838573809956,51.03076208161459,7
1777,Bristol,5,3,24.3713077029,21.86630018051333,0.005825024199461524,22.268711132033015,19.959110829500663,23.320098524575116,0,48.8883844566,49.42997753864,0.5807121621890252,49.35329633435787,48.88838573809956,51.03076208161459,7
1786,Manchester,5,4,19.685692605150003,18.48798739426,0.0579072654172973,18.929342136297038,15.2099584084,19.68569260515,0,48.8883844566,49.42997753864,0.5807121621890252,49.35329633435787,48.88838573809956,51.03076208161459,7
1806,Birmingham,5,4,19.685692605150003,18.48798739426,0.0579072654172973,18.929342136297038,15.2099584084,19.68569260515,0,48.8883844566,49.42997753864,0.5807121621890252,49.35329633435787,48.88838573809956,51.03076208161459,7
1812,Bournemouth,5,3,24.3713077029,21.86630018051333,0.005825024199461524,22.268711132033015,19.959110829500663,23.320098524575116,0,48.8883844566,49.42997753864,0.5807121621890252,49.35329633435787,48.88838573809956,51.03076208161459,7
1820,Pamplona,5,2,32.1015223406,26.40414516248,0.014029060898300376,25.838550515547578,18.929285813698538,32.101436989683414,0,48.8883844566,49.42997753864,0.5807121621890252,49.35329633435787,48.88838573809956,51.03076208161459,7
1821,Huddersfield,5,3,24.3713077029,21.86630018051333,0.005825024199461524,22.268711132033015,19.959110829500663,23.320098524575116,0,48.8883844566,49.42997753864,0.5807121621890252,49.35329633435787,48.88838573809956,51.03076208161459,7
1825,Leeds,5,4,19.685692605150003,18.48798739426,0.0579072654172973,18.929342136297038,15.2099584084,19.68569260515,0,48.8883844566,49.42997753864,0.5807121621890252,49.35329633435787,48.88838573809956,51.03076208161459,7
1836,Newcastle upon Tyne,5,4,19.685692605150003,18.48798739426,0.0579072654172973,18.929342136297038,15.2099584084,19.68569260515,0,48.8883844566,49.42997753864,0.5807121621890252,49.35329633435787,48.88838573809956,51.03076208161459,7
1840,Coventry,5,4,19.685692605150003,18.48798739426,0.0579072654172973,18.929342136297038,15.2099584084,19.68569260515,0,48.8883844566,49.42997753864,0.5807121621890252,49.35329633435787,48.88838573809956,51.03076208161459,7
1841,Southampton,5,4,19.685692605150003,18.48798739426,0.0579072654172973,18.929342136297038,15.2099584084,19.68569260515,0,48.8883844566,49.42997753864,0.5807121621890252,49.35329633435787,48.88838573809956,51.03076208161459,7
1844,Sheffield,5,3,24.3713077029,21.86630018051333,0.005825024199461524,22.268711132033015,19.959110829500663,23.320098524575116,0,48.8883844566,49.42997753864,0.5807121621890252,49.35329633435787,48.88838573809956,51.03076208161459,7
1858,Murcia,5,3,24.3713077029,21.86630018051333,0.005825024199461524,22.268711132033015,19.959110829500663,23.320098524575116,0,48.8883844566,49.42997753864,0.5807121621890252,49.35329633435787,48.88838573809956,51.03076208161459,7
1863,Middlesbrough,5,2,20.5062003841,26.40414516248,0.08253096390220208,26.30386048394474,22.58447007231961,32.1015223406,45,48.8883844566,49.42997753864,0.5807121621890252,49.35329633435787,48.88838573809956,51.03076208161459,7
1864,Nottingham,5,4,19.685692605150003,18.48798739426,0.0579072654172973,18.929342136297038,15.2099584084,19.68569260515,0,48.8883844566,49.42997753864,0.5807121621890252,49.35329633435787,48.88838573809956,51.03076208161459,7
1868,Portsmouth,5,3,24.3713077029,21.86630018051333,0.005825024199461524,22.268711132033015,19.959110829500663,23.320098524575116,0,48.8883844566,49.42997753864,0.5807121621890252,49.35329633435787,48.88838573809956,51.03076208161459,7
1871,Leicester,5,4,19.685692605150003,18.48798739426,0.0579072654172973,18.929342136297038,15.2099584084,19.68569260515,0,48.8883844566,49.42997753864,0.5807121621890252,49.35329633435787,48.88838573809956,51.03076208161459,7
1878,Zaragoza,5,3,24.3713077029,21.86630018051333,0.005825024199461524,22.268711132033015,19.959110829500663,23.320098524575116,0,48.8883844566,49.42997753864,0.5807121621890252,49.35329633435787,48.88838573809956,51.03076208161459,7
1912,Accra,8,3,38.11391915843333,38.199334891764885,0.8733322735071498,38.860669413549665,34.70346364572187,41.45863435247322,707,48.8883844566,49.42997753864,0.5807121621890252,49.35329633435787,48.88838573809956,51.03076208161459,7
1916,Alacant / Alicante,5,3,24.3713077029,21.86630018051333,0.005825024199461524,22.268711132033015,19.959110829500663,23.320098524575116,0,48.8883844566,49.42997753864,0.5807121621890252,49.35329633435787,48.88838573809956,51.03076208161459,7
1918,Valencia,5,3,24.3713077029,21.86630018051333,0.005825024199461524,22.268711132033015,19.959110829500663,23.320098524575116,0,48.8883844566,49.42997753864,0.5807121621890252,49.35329633435787,48.88838573809956,51.03076208161459,7
1919,London,5,4,19.685692605150003,18.48798739426,0.0579072654172973,18.929342136297038,15.2099584084,19.68569260515,0,48.8883844566,49.42997753864,0.5807121621890252,49.35329633435787,48.88838573809956,51.03076208161459,7
1936,Brighton,5,3,24.3713077029,21.86630018051333,0.005825024199461524,22.268711132033015,19.959110829500663,23.320098524575116,0,48.8883844566,49.42997753864,0.5807121621890252,49.35329633435787,48.88838573809956,51.03076208161459,7
1992,Southend-on-Sea,5,3,24.3713077029,21.86630018051333,0.005825024199461524,22.268711132033015,19.959110829500663,23.320098524575116,0,48.8883844566,49.42997753864,0.5807121621890252,49.35329633435787,48.88838573809956,51.03076208161459,7
2025,Toulouse,5,4,19.685692605150003,18.48798739426,0.0579072654172973,18.929342136297038,15.2099584084,19.68569260515,0,48.8883844566,49.42997753864,0.5807121621890252,49.35329633435787,48.88838573809956,51.03076208161459,7
2054,Paris,5,4,19.685692605150003,18.48798739426,0.0579072654172973,18.929342136297038,15.2099584084,19.68569260515,0,48.8883844566,49.42997753864,0.5807121621890252,49.35329633435787,48.88838573809956,51.03076208161459,7
2059,Barcelona,5,3,24.3713077029,21.86630018051333,0.005825024199461524,22.268711132033015,19.959110829500663,23.320098524575116,0,48.8883844566,49.42997753864,0.5807121621890252,49.35329633435787,48.88838573809956,51.03076208161459,7
2084,Palma de Mallorca,4,2,32.101522340500004,22.407958607983332,0.03501498101966251,24.72690823116688,10.39539602443215,32.1015223405,0,48.8883844566,49.42997753864,0.5807121621890252,49.35329633435787,48.88838573809956,51.03076208161459,7
2088,Lille,5,3,24.3713077029,21.86630018051333,0.005825024199461524,22.268711132033015,19.959110829500663,23.320098524575116,0,48.8883844566,49.42997753864,0.5807121621890252,49.35329633435787,48.88838573809956,51.03076208161459,7
2120,Ghent,5,3,24.3713077029,21.86630018051333,0.005825024199461524,22.268711132033015,19.959110829500663,23.320098524575116,0,48.8883844566,49.42997753864,0.5807121621890252,49.35329633435787,48.88838573809956,51.03076208161459,7
2131,Rotterdam [The Hague],5,3,24.3713077029,21.86630018051333,0.005825024199461524,22.268711132033015,19.959110829500663,23.320098524575116,0,48.8883844566,49.42997753864,0.5807121621890252,49.35329633435787,48.88838573809956,51.03076208161459,7
2139,Montpellier,4,2,32.101522340500004,27.710780452116666,0.09375000000000004,26.30386136235,20.506200384099998,32.1015223405,2,48.8883844566,49.42997753864,0.5807121621890252,49.35329633435787,48.88838573809956,51.03076208161459,7
2142,Antwerp,5,4,19.685692605150003,18.48798739426,0.0579072654172973,18.929342136297038,15.2099584084,19.68569260515,0,48.8883844566,49.42997753864,0.5807121621890252,49.35329633435787,48.88838573809956,51.03076208161459,7
2144,Brussels,5,4,19.685692605150003,18.48798739426,0.0579072654172973,18.929342136297038,15.2099584084,19.68569260515,0,48.8883844566,49.42997753864,0.5807121621890252,49.35329633435787,48.88838573809956,51.03076208161459,7
2147,Leiden,5,3,24.3713077029,21.86630018051333,0.005825024199461524,22.268711132033015,19.959110829500663,23.320098524575116,0,48.8883844566,49.42997753864,0.5807121621890252,49.35329633435787,48.88838573809956,51.03076208161459,7
2176,Amsterdam,5,4,19.685692605150003,18.48798739426,0.0579072654172973,18.929342136297038,15.2099584084,19.68569260515,0,48.8883844566,49.42997753864,0.5807121621890252,49.35329633435787,48.88838573809956,51.03076208161459,7
2190,Utrecht,5,3,24.3713077029,21.86630018051333,0.005825024199461524,22.268711132033015,19.959110829500663,23.320098524575116,0,48.8883844566,49.42997753864,0.5807121621890252,49.35329633435787,48.88838573809956,51.03076208161459,7
2237,Marseille,5,3,24.3713077029,21.86630018051333,0.005825024199461524,22.268711132033015,19.959110829500663,23.320098524575116,0,48.8883844566,49.42997753864,0.5807121621890252,49.35329633435787,48.88838573809956,51.03076208161459,7
2284,Geneva,5,3,15.547082693366667,21.86630018051333,0.008969327408959319,22.26880119215094,20.840512363018625,24.371246334775464,45,48.8883844566,49.42997753864,0.5807121621890252,49.35329633435787,48.88838573809956,51.03076208161459,7
2285,Dortmund,5,4,19.685692605150003,18.48798739426,0.0579072654172973,18.929342136297038,15.2099584084,19.68569260515,0,48.8883844566,49.42997753864,0.5807121621890252,49.35329633435787,48.88838573809956,51.03076208161459,7
2298,Dusseldorf,5,2,20.5062003841,26.40414516248,0.08253096390220208,26.30386048394474,22.58447007231961,32.1015223406,45,48.8883844566,49.42997753864,0.5807121621890252,49.35329633435787,48.88838573809956,51.03076208161459,7
2320,Cologne,5,3,24.3713077029,21.86630018051333,0.005825024199461524,22.268711132033015,19.959110829500663,23.320098524575116,0,48.8883844566,49.42997753864,0.5807121621890252,49.35329633435787,48.88838573809956,51.03076208161459,7
2324,Lausanne,5,3,24.3713077029,21.86630018051333,0.005825024199461524,22.268711132033015,19.959110829500663,23.320098524575116,0,48.8883844566,49.42997753864,0.5807121621890252,49.35329633435787,48.88838573809956,51.03076208161459,7
2339,Bonn,4,3,24.3713077029,23.320038564175,0.125,23.320038564175,22.268769425633334,24.371307702899998,0,48.8883844566,49.42997753864,0.5807121621890252,49.35329633435787,48.88838573809956,51.03076208161459,7
2378,Nice,3,2,32.101522340500004,27.185145882866667,0.25000000000000006,28.414239996975002,17.3523929688,32.1015223405,0,48.8883844566,49.42997753864,0.5807121621890252,49.35329633435787,48.88838573809956,51.03076208161459,7
2387,Constantine,2,1,NA,NA,NA,NA,NA,NA,NA,NA,NA,NA,NA,NA,NA,NA
2401,Basel,5,3,24.3713077029,21.86630018051333,0.005825024199461524,22.268711132033015,19.959110829500663,23.320098524575116,0,48.8883844566,49.42997753864,0.5807121621890252,49.35329633435787,48.88838573809956,51.03076208161459,7
2433,Wiesbaden,5,4,18.92929667645,18.48798739426,1,17.447825506775,15.210031951239227,19.68569260515,3,48.8883844566,49.42997753864,0.5807121621890252,49.35329633435787,48.88838573809956,51.03076208161459,7
2448,Bremen,5,2,20.5062003841,26.40414516248,0.08253096390220208,26.30386048394474,22.58447007231961,32.1015223406,45,48.8883844566,49.42997753864,0.5807121621890252,49.35329633435787,48.88838573809956,51.03076208161459,7
2455,Frankfurt am Main,5,2,20.5062003841,26.40414516248,0.08253096390220208,26.30386048394474,22.58447007231961,32.1015223406,45,48.8883844566,49.42997753864,0.5807121621890252,49.35329633435787,48.88838573809956,51.03076208161459,7
2473,Zurich,4,3,24.3713077029,23.320038564175,0.125,23.320038564175,22.268769425633334,24.371307702899998,0,48.8883844566,49.42997753864,0.5807121621890252,49.35329633435787,48.88838573809956,51.03076208161459,7
2503,Oslo,4,2,20.5062003841,25.06408193965,0.3990751965482373,26.30384588357687,16.786934087477093,32.1015223406,15,48.8883844566,49.42997753864,0.5807121621890252,49.35329633435787,48.88838573809956,51.03076208161459,7
2524,Stuttgart,5,4,19.685692605150003,18.48798739426,0.0579072654172973,18.929342136297038,15.2099584084,19.68569260515,0,48.8883844566,49.42997753864,0.5807121621890252,49.35329633435787,48.88838573809956,51.03076208161459,7
2542,Hamburg,5,2,20.5062003841,26.40414516248,0.08253096390220208,26.30386048394474,22.58447007231961,32.1015223406,45,48.8883844566,49.42997753864,0.5807121621890252,49.35329633435787,48.88838573809956,51.03076208161459,7
2570,Milan,5,3,24.3713077029,21.86630018051333,0.005825024199461524,22.268711132033015,19.959110829500663,23.320098524575116,0,48.8883844566,49.42997753864,0.5807121621890252,49.35329633435787,48.88838573809956,51.03076208161459,7
2689,Gothenburg,4,2,20.5062003841,25.06408193965,0.3990751965482373,26.30384588357687,16.786934087477093,32.1015223406,15,48.8883844566,49.42997753864,0.5807121621890252,49.35329633435787,48.88838573809956,51.03076208161459,7
2737,Nuremberg,5,3,24.3713077029,21.86630018051333,0.005825024199461524,22.268711132033015,19.959110829500663,23.320098524575116,0,48.8883844566,49.42997753864,0.5807121621890252,49.35329633435787,48.88838573809956,51.03076208161459,7
2757,Copenhagen,4,2,20.5062003841,25.06408193965,0.3990751965482373,26.30384588357687,16.786934087477093,32.1015223406,15,48.8883844566,49.42997753864,0.5807121621890252,49.35329633435787,48.88838573809956,51.03076208161459,7
2792,Munich,4,2,20.5062003841,27.710780452116666,0.15625000000000006,26.30386136235,20.506200384099998,32.1015223405,18,48.8883844566,49.42997753864,0.5807121621890252,49.35329633435787,48.88838573809956,51.03076208161459,7
2806,Malmö,4,2,20.5062003841,25.06408193965,0.3990751965482373,26.30384588357687,16.786934087477093,32.1015223406,15,48.8883844566,49.42997753864,0.5807121621890252,49.35329633435787,48.88838573809956,51.03076208161459,7
2809,Florence,4,2,32.101522340500004,27.710780452116666,0.09375000000000004,26.30386136235,20.506200384099998,32.1015223405,2,48.8883844566,49.42997753864,0.5807121621890252,49.35329633435787,48.88838573809956,51.03076208161459,7
2814,Leipzig,5,3,24.3713077029,21.86630018051333,0.005825024199461524,22.268711132033015,19.959110829500663,23.320098524575116,0,48.8883844566,49.42997753864,0.5807121621890252,49.35329633435787,48.88838573809956,51.03076208161459,7
2860,Berlin,5,2,20.5062003841,26.40414516248,0.08253096390220208,26.30386048394474,22.58447007231961,32.1015223406,45,48.8883844566,49.42997753864,0.5807121621890252,49.35329633435787,48.88838573809956,51.03076208161459,7
2907,Rome,5,2,32.1015223406,26.40414516248,0.014029060898300376,25.838550515547578,18.929285813698538,32.101436989683414,0,48.8883844566,49.42997753864,0.5807121621890252,49.35329633435787,48.88838573809956,51.03076208161459,7
2937,Prague,5,3,24.3713077029,21.86630018051333,0.005825024199461524,22.268711132033015,19.959110829500663,23.320098524575116,0,48.8883844566,49.42997753864,0.5807121621890252,49.35329633435787,48.88838573809956,51.03076208161459,7
2983,Stockholm,3,3,15.547082693366667,NA,NA,NA,NA,NA,NA,NA,NA,NA,NA,NA,NA,NA
2990,Naples,4,3,24.3713077029,23.320038564175,0.125,23.320038564175,22.268769425633334,24.371307702899998,0,48.8883844566,49.42997753864,0.5807121621890252,49.35329633435787,48.88838573809956,51.03076208161459,7
3010,Graz,5,3,24.3713077029,21.86630018051333,0.005825024199461524,22.268711132033015,19.959110829500663,23.320098524575116,0,48.8883844566,49.42997753864,0.5807121621890252,49.35329633435787,48.88838573809956,51.03076208161459,7
3022,Poznan,5,3,24.3713077029,21.86630018051333,0.005825024199461524,22.268711132033015,19.959110829500663,23.320098524575116,0,48.8883844566,49.42997753864,0.5807121621890252,49.35329633435787,48.88838573809956,51.03076208161459,7
3037,Vienna,5,3,24.3713077029,21.86630018051333,0.005825024199461524,22.268711132033015,19.959110829500663,23.320098524575116,0,48.8883844566,49.42997753864,0.5807121621890252,49.35329633435787,48.88838573809956,51.03076208161459,7
3042,Zagreb,5,3,24.3713077029,21.86630018051333,0.005825024199461524,22.268711132033015,19.959110829500663,23.320098524575116,0,48.8883844566,49.42997753864,0.5807121621890252,49.35329633435787,48.88838573809956,51.03076208161459,7
3046,Brno,5,3,24.3713077029,21.86630018051333,0.005825024199461524,22.268711132033015,19.959110829500663,23.320098524575116,0,48.8883844566,49.42997753864,0.5807121621890252,49.35329633435787,48.88838573809956,51.03076208161459,7
3079,Bratislava,5,3,24.3713077029,21.86630018051333,0.005825024199461524,22.268711132033015,19.959110829500663,23.320098524575116,0,48.8883844566,49.42997753864,0.5807121621890252,49.35329633435787,48.88838573809956,51.03076208161459,7
3144,Katowice,5,3,24.3713077029,21.86630018051333,0.005825024199461524,22.268711132033015,19.959110829500663,23.320098524575116,0,48.8883844566,49.42997753864,0.5807121621890252,49.35329633435787,48.88838573809956,51.03076208161459,7
3203,Budapest,5,3,24.3713077029,21.86630018051333,0.005825024199461524,22.268711132033015,19.959110829500663,23.320098524575116,0,48.8883844566,49.42997753864,0.5807121621890252,49.35329633435787,48.88838573809956,51.03076208161459,7
3216,Krakow,5,3,24.3713077029,21.86630018051333,0.005825024199461524,22.268711132033015,19.959110829500663,23.320098524575116,0,48.8883844566,49.42997753864,0.5807121621890252,49.35329633435787,48.88838573809956,51.03076208161459,7
3228,Warsaw,5,3,24.3713077029,21.86630018051333,0.005825024199461524,22.268711132033015,19.959110829500663,23.320098524575116,0,48.8883844566,49.42997753864,0.5807121621890252,49.35329633435787,48.88838573809956,51.03076208161459,7
3255,Helsinki,4,3,15.547082693366667,20.925472027541666,0.17356816655592155,22.317173897607717,24.371307702499998,24.371307702499998,6,48.8883844566,49.42997753864,0.5807121621890252,49.35329633435787,48.88838573809956,51.03076208161459,7
3266,Tallinn,5,2,20.5062003841,26.40414516248,0.08253096390220208,26.30386048394474,22.58447007231961,32.1015223406,45,48.8883844566,49.42997753864,0.5807121621890252,49.35329633435787,48.88838573809956,51.03076208161459,7
3278,Cape Town,7,3,23.99880027653333,35.23412357744,3.9758601801718705e-7,34.91856158645079,32.72875122819478,37.40726503743878,625,48.8883844566,49.42997753864,0.5807121621890252,49.35329633435787,48.88838573809956,51.03076208161459,7
3279,Riga,4,1,NA,NA,NA,NA,NA,NA,NA,NA,NA,NA,NA,NA,NA,NA
3280,Belgrade,5,3,24.3713077029,21.86630018051333,0.005825024199461524,22.268711132033015,19.959110829500663,23.320098524575116,0,48.8883844566,49.42997753864,0.5807121621890252,49.35329633435787,48.88838573809956,51.03076208161459,7
3343,Skopje,5,3,24.3713077029,21.86630018051333,0.005825024199461524,22.268711132033015,19.959110829500663,23.320098524575116,0,48.8883844566,49.42997753864,0.5807121621890252,49.35329633435787,48.88838573809956,51.03076208161459,7
3350,Vilnius,5,2,20.5062003841,26.40414516248,0.08253096390220208,26.30386048394474,22.58447007231961,32.1015223406,45,48.8883844566,49.42997753864,0.5807121621890252,49.35329633435787,48.88838573809956,51.03076208161459,7
3362,Lviv,5,4,19.685692605150003,18.48798739426,0.0579072654172973,18.929342136297038,15.2099584084,19.68569260515,0,48.8883844566,49.42997753864,0.5807121621890252,49.35329633435787,48.88838573809956,51.03076208161459,7
3392,Sofia,5,2,32.1015223406,26.40414516248,0.014029060898300376,25.838550515547578,18.929285813698538,32.101436989683414,0,48.8883844566,49.42997753864,0.5807121621890252,49.35329633435787,48.88838573809956,51.03076208161459,7
3407,Saint Petersburg,5,1,NA,NA,NA,NA,NA,NA,NA,NA,NA,NA,NA,NA,NA,NA
3412,Minsk,5,2,20.5062003841,26.40414516248,0.08253096390220208,26.30386048394474,22.58447007231961,32.1015223406,45,48.8883844566,49.42997753864,0.5807121621890252,49.35329633435787,48.88838573809956,51.03076208161459,7
3430,Athens,3,1,NA,NA,NA,NA,NA,NA,NA,NA,NA,NA,NA,NA,NA,NA
3516,Port Elizabeth,8,2,19.947439244999998,47.22452155588929,3.9545689279776935e-6,46.13716476296813,45.387025243712664,49.30239310025394,406,48.8883844566,49.42997753864,0.5807121621890252,49.35329633435787,48.88838573809956,51.03076208161459,7
3528,Kyiv,5,3,24.3713077029,21.86630018051333,0.005825024199461524,22.268711132033015,19.959110829500663,23.320098524575116,0,48.8883844566,49.42997753864,0.5807121621890252,49.35329633435787,48.88838573809956,51.03076208161459,7
3539,Izmir,5,2,32.1015223406,29.18946643886,0.014147403886021537,31.244535654907686,24.72688704099187,32.1015223405,0,48.8883844566,49.42997753864,0.5807121621890252,49.35329633435787,48.88838573809956,51.03076208161459,7
3574,Istanbul,6,2,32.1015223406,28.11819704275333,0.0038049536085001,26.303894602395,22.58452126929795,32.101449031387915,0,48.8883844566,49.42997753864,0.5807121621890252,49.35329633435787,48.88838573809956,51.03076208161459,7
3593,Odesa,5,2,32.1015223406,26.40414516248,0.014029060898300376,25.838550515547578,18.929285813698538,32.101436989683414,0,48.8883844566,49.42997753864,0.5807121621890252,49.35329633435787,48.88838573809956,51.03076208161459,7
3606,Tver,5,1,NA,NA,NA,NA,NA,NA,NA,NA,NA,NA,NA,NA,NA,NA
3672,Eskisehir,5,2,32.1015223406,26.40414516248,0.014029060898300376,25.838550515547578,18.929285813698538,32.101436989683414,0,48.8883844566,49.42997753864,0.5807121621890252,49.35329633435787,48.88838573809956,51.03076208161459,7
3684,Johannesburg,6,4,22.34368473255,32.52993804629667,7.247147221096363e-4,32.910895638189274,30.384505014763334,35.56040331101144,120,48.8883844566,49.42997753864,0.5807121621890252,49.35329633435787,48.88838573809956,51.03076208161459,7
3686,Moscow,5,1,NA,NA,NA,NA,NA,NA,NA,NA,NA,NA,NA,NA,NA,NA
3709,Pretoria,7,3,23.99880027653333,36.558925978960005,3.96875966314411e-7,36.75491372057962,34.326311683321464,40.49581437026154,625,48.8883844566,49.42997753864,0.5807121621890252,49.35329633435787,48.88838573809956,51.03076208161459,7
3740,Antalya,6,2,32.1015223406,28.11819704275333,0.0038049536085001,26.303894602395,22.58452126929795,32.101449031387915,0,48.8883844566,49.42997753864,0.5807121621890252,49.35329633435787,48.88838573809956,51.03076208161459,7
3766,Dnipro,5,2,32.1015223406,26.40414516248,0.014029060898300376,25.838550515547578,18.929285813698538,32.101436989683414,0,48.8883844566,49.42997753864,0.5807121621890252,49.35329633435787,48.88838573809956,51.03076208161459,7
3821,Ankara,6,2,32.1015223406,28.11819704275333,0.0038049536085001,26.303894602395,22.58452126929795,32.101449031387915,0,48.8883844566,49.42997753864,0.5807121621890252,49.35329633435787,48.88838573809956,51.03076208161459,7
3880,Durban,11,3,33.35592869743333,40.370316388507675,1.976312579909683e-17,40.45845441469909,39.4825992173848,41.1148705206433,12069,48.8883844566,49.42997753864,0.5807121621890252,49.35329633435787,48.88838573809956,51.03076208161459,7
3915,Cairo,4,1,NA,NA,NA,NA,NA,NA,NA,NA,NA,NA,NA,NA,NA,NA
4187,Harare,7,2,19.947439244999998,50.26636682485905,6.289842840608449e-5,54.61927975962635,45.38700881970756,60.17284291228788,231,48.8883844566,49.42997753864,0.5807121621890252,49.35329633435787,48.88838573809956,51.03076208161459,7
4189,Kigali,12,3,23.99880027653333,38.82407592880215,5.91691267489052e-37,38.65234523940978,37.49137776607283,39.7862508374475,24159,48.8883844566,49.42997753864,0.5807121621890252,49.35329633435787,48.88838573809956,51.03076208161459,7
4238,Maputo,8,1,NA,NA,NA,NA,NA,NA,NA,NA,NA,NA,NA,NA,NA,NA
4328,Tel Aviv,6,3,22.268769425666665,24.784040535206664,0.08100011700846221,25.29414643645581,23.08866516552618,27.77369643220045,126,48.8883844566,49.42997753864,0.5807121621890252,49.35329633435787,48.88838573809956,51.03076208161459,7
4331,Haifa,6,2,32.1015223406,28.11819704275333,0.0038049536085001,26.303894602395,22.58452126929795,32.101449031387915,0,48.8883844566,49.42997753864,0.5807121621890252,49.35329633435787,48.88838573809956,51.03076208161459,7
4355,Beirut,3,1,NA,NA,NA,NA,NA,NA,NA,NA,NA,NA,NA,NA,NA,NA
4358,Antakya,4,2,32.1015223406,27.710780452116666,0.059058229090536735,26.303951981112977,20.506152536261457,32.1015223405,0,48.8883844566,49.42997753864,0.5807121621890252,49.35329633435787,48.88838573809956,51.03076208161459,7
4370,Jerusalem,6,2,32.1015223406,28.11819704275333,0.0038049536085001,26.303894602395,22.58452126929795,32.101449031387915,0,48.8883844566,49.42997753864,0.5807121621890252,49.35329633435787,48.88838573809956,51.03076208161459,7
4446,Kampala,9,3,23.99880027653333,40.7239440432477,3.224123157049316e-15,40.95846840145197,39.78620262907988,40.99597669776357,3552,48.8883844566,49.42997753864,0.5807121621890252,49.35329633435787,48.88838573809956,51.03076208161459,7
4489,Mwanza,8,3,23.99880027653333,42.15327063933893,8.481908067682646e-11,40.95857301925194,40.03296063480248,41.45865118631623,1594,48.8883844566,49.42997753864,0.5807121621890252,49.35329633435787,48.88838573809956,51.03076208161459,7
4783,Izhevsk,4,1,NA,NA,NA,NA,NA,NA,NA,NA,NA,NA,NA,NA,NA,NA
4822,Arusha,12,3,33.35592869701333,38.48701170080046,9.34510741416241e-12,38.65239640907502,37.40727071512037,39.94520843482771,18291,48.8883844566,49.42997753864,0.5807121621890252,49.35329633435787,48.88838573809956,51.03076208161459,7
4830,Nairobi,12,3,22.268769425666665,39.14946600910561,1.2261391938728988e-37,39.369652244504195,37.83514591852041,40.420898456935944,24275,48.8883844566,49.42997753864,0.5807121621890252,49.35329633435787,48.88838573809956,51.03076208161459,7
5147,Hawassa,13,3,20.1644425482,38.468232225724684,7.726948167967583e-48,38.65237624369708,37.60025946250549,39.78623626219451,40612,48.8883844566,49.42997753864,0.5807121621890252,49.35329633435787,48.88838573809956,51.03076208161459,7
5155,Addis Ababa,10,4,21.04616159485,31.800149064684764,5.520496074895913e-35,32.19392805796171,31.4026106215399,32.72093291158859,21593,48.8883844566,49.42997753864,0.5807121621890252,49.35329633435787,48.88838573809956,51.03076208161459,7
5244,Dar es Salaam,8,1,NA,NA,NA,NA,NA,NA,NA,NA,NA,NA,NA,NA,NA,NA
5352,Mombasa,7,4,23.515932090499998,36.782513503082,2.5639466308414183e-7,36.940734439021966,34.636473900514,39.237922510600015,630,48.8883844566,49.42997753864,0.5807121621890252,49.35329633435787,48.88838573809956,51.03076208161459,7
5513,Yekaterinburg,4,1,NA,NA,NA,NA,NA,NA,NA,NA,NA,NA,NA,NA,NA,NA
5606,Djibouti,5,2,60.17290760029999,49.703104938876,0.3074341659273953,54.61928023333323,40.06022429325133,60.172907602040006,17,48.8883844566,49.42997753864,0.5807121621890252,49.35329633435787,48.88838573809956,51.03076208161459,7
5734,Kuwait City,3,2,32.1015223406,31.6388377264,1,30.713468498,NA,NA,0,48.8883844566,49.42997753864,0.5807121621890252,49.35329633435787,48.88838573809956,51.03076208161459,7
5767,Tehran,6,3,24.3713077029,24.784040535206664,0.8371045509259372,24.37132922935186,23.088677017428232,26.722503502428783,99,48.8883844566,49.42997753864,0.5807121621890252,49.35329633435787,48.88838573809956,51.03076208161459,7
5823,Antananarivo,2,0,NA,NA,NA,NA,NA,NA,NA,NA,NA,NA,NA,NA,NA,NA
5865,Manama,2,1,NA,NA,NA,NA,NA,NA,NA,NA,NA,NA,NA,NA,NA,NA
5894,Doha,2,1,NA,NA,NA,NA,NA,NA,NA,NA,NA,NA,NA,NA,NA,NA
5939,Abu Dhabi,5,2,32.1015223406,41.57755273842,0.2912441065676342,45.44323351888642,30.713528383074177,60.17290760030001,26,48.8883844566,49.42997753864,0.5807121621890252,49.35329633435787,48.88838573809956,51.03076208161459,7
5945,Dubai,5,2,32.1015223406,41.57755273842,0.2912441065676342,45.44323351888642,30.713528383074177,60.17290760030001,26,48.8883844566,49.42997753864,0.5807121621890252,49.35329633435787,48.88838573809956,51.03076208161459,7
5954,Al Ain,5,2,32.1015223406,41.57755273842,0.2912441065676342,45.44323351888642,30.713528383074177,60.17290760030001,26,48.8883844566,49.42997753864,0.5807121621890252,49.35329633435787,48.88838573809956,51.03076208161459,7
5995,Al Ghubra,4,2,32.1015223406,29.180649497366666,0.10034824646229079,30.71341367795784,17.35246227009523,32.10145303810477,0,48.8883844566,49.42997753864,0.5807121621890252,49.35329633435787,48.88838573809956,51.03076208161459,7
6368,Rawalpindi [Islamabad],7,2,32.1015223406,27.94169545702857,2.0750159406183335e-4,30.713411309841405,24.0330112999608,31.407571309530372,0,48.8883844566,49.42997753864,0.5807121621890252,49.35329633435787,48.88838573809956,51.03076208161459,7
6483,Srinagar,8,2,32.1015223406,36.721978558775,0.9430363577626518,32.101553712714036,30.349984993960973,45.44316063777095,147,48.8883844566,49.42997753864,0.5807121621890252,49.35329633435787,48.88838573809956,51.03076208161459,7
6499,Jamnagar,7,2,32.1015223406,37.023338261571425,0.40944189112118523,38.76261367509859,30.71352635357655,46.13716581609439,75,48.8883844566,49.42997753864,0.5807121621890252,49.35329633435787,48.88838573809956,51.03076208161459,7
6545,Jammu,7,2,32.1015223406,37.734774271171425,0.7602027864218612,38.76262578008426,31.40748850319898,46.13717911477143,93,48.8883844566,49.42997753864,0.5807121621890252,49.35329633435787,48.88838573809956,51.03076208161459,7
6564,Rajkot,7,2,32.1015223406,37.023338261571425,0.40944189112118523,38.76261367509859,30.71352635357655,46.13716581609439,75,48.8883844566,49.42997753864,0.5807121621890252,49.35329633435787,48.88838573809956,51.03076208161459,7
6637,Jodhpur,6,3,41.45865076103333,30.51016388769333,0.0010479820973069395,25.561024070123082,21.857135894476876,30.239642306300873,0,48.8883844566,49.42997753864,0.5807121621890252,49.35329633435787,48.88838573809956,51.03076208161459,7
6660,Jalandhar,7,3,41.45865076103333,29.67471467248857,8.174298732460267e-7,29.51904399569301,25.329758825395924,31.17608494953883,0,48.8883844566,49.42997753864,0.5807121621890252,49.35329633435787,48.88838573809956,51.03076208161459,7
6693,Ahmedabad,7,3,41.45865076103333,30.073195224214285,2.6484682287620943e-6,27.47223247584032,25.329655126783592,31.17610736148398,0,48.8883844566,49.42997753864,0.5807121621890252,49.35329633435787,48.88838573809956,51.03076208161459,7
6696,Bhavnagar,7,2,32.1015223406,37.023338261571425,0.40944189112118523,38.76261367509859,30.71352635357655,46.13716581609439,75,48.8883844566,49.42997753864,0.5807121621890252,49.35329633435787,48.88838573809956,51.03076208161459,7
6701,Ludhiana,8,3,41.45865076103333,28.79000855076964,7.53917299485526e-10,26.722416714638236,25.071811241549774,30.008338014331287,0,48.8883844566,49.42997753864,0.5807121621890252,49.35329633435787,48.88838573809956,51.03076208161459,7
6755,Udaipur,8,3,22.268769425666665,28.79000855076964,1.7257951504613677e-5,30.00825006029814,26.715972337945754,31.176192633040294,1161,48.8883844566,49.42997753864,0.5807121621890252,49.35329633435787,48.88838573809956,51.03076208161459,7
6770,Surat,8,1,NA,NA,NA,NA,NA,NA,NA,NA,NA,NA,NA,NA,NA,NA
6779,Vadodara,8,3,41.45865076103333,28.79000855076964,7.53917299485526e-10,26.722416714638236,25.071811241549774,30.008338014331287,0,48.8883844566,49.42997753864,0.5807121621890252,49.35329633435787,48.88838573809956,51.03076208161459,7
6803,Chandigarh,7,3,41.45865076103333,29.67471467248857,8.174298732460267e-7,29.51904399569301,25.329758825395924,31.17608494953883,0,48.8883844566,49.42997753864,0.5807121621890252,49.35329633435787,48.88838573809956,51.03076208161459,7
6882,Vasai-Virar,10,1,NA,NA,NA,NA,NA,NA,NA,NA,NA,NA,NA,NA,NA,NA
6887,Mumbai,10,1,NA,NA,NA,NA,NA,NA,NA,NA,NA,NA,NA,NA,NA,NA
6935,Jaipur,8,3,41.45865076103333,28.79000855076964,7.53917299485526e-10,26.722416714638236,25.071811241549774,30.008338014331287,0,48.8883844566,49.42997753864,0.5807121621890252,49.35329633435787,48.88838573809956,51.03076208161459,7
6998,Delhi [New Delhi],8,3,41.45865076103333,28.79000855076964,7.53917299485526e-10,26.722416714638236,25.071811241549774,30.008338014331287,0,48.8883844566,49.42997753864,0.5807121621890252,49.35329633435787,48.88838573809956,51.03076208161459,7
7014,Nashik,10,1,NA,NA,NA,NA,NA,NA,NA,NA,NA,NA,NA,NA,NA,NA
7062,Dehradun,10,1,NA,NA,NA,NA,NA,NA,NA,NA,NA,NA,NA,NA,NA,NA
7086,Pune,9,1,NA,NA,NA,NA,NA,NA,NA,NA,NA,NA,NA,NA,NA,NA
7229,Bharatpur,8,4,31.744803969425,26.010329462316786,3.271862419616325e-7,25.11582568394959,23.877780377776336,27.191366193322676,306,48.8883844566,49.42997753864,0.5807121621890252,49.35329633435787,48.88838573809956,51.03076208161459,7
7235,Indore,8,1,NA,NA,NA,NA,NA,NA,NA,NA,NA,NA,NA,NA,NA,NA
7236,Panaji,10,1,NA,NA,NA,NA,NA,NA,NA,NA,NA,NA,NA,NA,NA,NA
7241,Ahmadnagar,8,2,32.1015223406,35.46592148596071,0.8452722309604744,32.869521386290145,30.713458096613422,45.44320956179599,133,48.8883844566,49.42997753864,0.5807121621890252,49.35329633435787,48.88838573809956,51.03076208161459,7
7292,Jalgaon,8,1,NA,NA,NA,NA,NA,NA,NA,NA,NA,NA,NA,NA,NA,NA
7308,Agra,7,3,41.45865076103333,29.67471467248857,8.174298732460267e-7,29.51904399569301,25.329758825395924,31.17608494953883,0,48.8883844566,49.42997753864,0.5807121621890252,49.35329633435787,48.88838573809956,51.03076208161459,7
7310,Aurangabad,8,1,NA,NA,NA,NA,NA,NA,NA,NA,NA,NA,NA,NA,NA,NA
7332,Sangli,8,1,NA,NA,NA,NA,NA,NA,NA,NA,NA,NA,NA,NA,NA,NA
7343,Bhusawal,8,1,NA,NA,NA,NA,NA,NA,NA,NA,NA,NA,NA,NA,NA,NA
7435,Haldwani,10,1,NA,NA,NA,NA,NA,NA,NA,NA,NA,NA,NA,NA,NA,NA
7480,Bareilly,7,3,41.45865076103333,29.67471467248857,8.174298732460267e-7,29.51904399569301,25.329758825395924,31.17608494953883,0,48.8883844566,49.42997753864,0.5807121621890252,49.35329633435787,48.88838573809956,51.03076208161459,7
7483,Dharwad,8,2,32.1015223406,41.635210903514285,0.031086001446037886,45.4431754947576,36.286671741325584,46.13722222315228,243,48.8883844566,49.42997753864,0.5807121621890252,49.35329633435787,48.88838573809956,51.03076208161459,7
7503,Bhopal,8,1,NA,NA,NA,NA,NA,NA,NA,NA,NA,NA,NA,NA,NA,NA
7542,Mangaluru,10,2,60.17290760189999,51.55315495336444,1.857129347110471e-4,56.47189138319189,49.0610203005242,57.396008398492036,186,48.8883844566,49.42997753864,0.5807121621890252,49.35329633435787,48.88838573809956,51.03076208161459,7
7555,Vijayapura,7,2,32.1015223406,36.5142494344,0.7600368993649672,37.0204716520342,30.713453350737595,45.443226557452235,93,48.8883844566,49.42997753864,0.5807121621890252,49.35329633435787,48.88838573809956,51.03076208161459,7
7569,Manjeshwar,10,1,NA,NA,NA,NA,NA,NA,NA,NA,NA,NA,NA,NA,NA,NA
7593,Akola,8,3,22.268769425666665,28.79000855076964,1.7257951504613677e-5,30.00825006029814,26.715972337945754,31.176192633040294,1161,48.8883844566,49.42997753864,0.5807121621890252,49.35329633435787,48.88838573809956,51.03076208161459,7
7594,Kasaragod,10,1,NA,NA,NA,NA,NA,NA,NA,NA,NA,NA,NA,NA,NA,NA
7608,Neeleshwaram,10,1,NA,NA,NA,NA,NA,NA,NA,NA,NA,NA,NA,NA,NA,NA
7634,Payyanur,10,1,NA,NA,NA,NA,NA,NA,NA,NA,NA,NA,NA,NA,NA,NA
7655,Kannur,10,1,NA,NA,NA,NA,NA,NA,NA,NA,NA,NA,NA,NA,NA,NA
7714,Thalassery,10,1,NA,NA,NA,NA,NA,NA,NA,NA,NA,NA,NA,NA,NA,NA
7725,Amravati,7,3,41.45865076103333,29.67471467248857,8.174298732460267e-7,29.51904399569301,25.329758825395924,31.17608494953883,0,48.8883844566,49.42997753864,0.5807121621890252,49.35329633435787,48.88838573809956,51.03076208161459,7
7769,Kozhikode,9,1,NA,NA,NA,NA,NA,NA,NA,NA,NA,NA,NA,NA,NA,NA
7824,Guruvayur,9,1,NA,NA,NA,NA,NA,NA,NA,NA,NA,NA,NA,NA,NA,NA
7842,Malappuram,10,1,NA,NA,NA,NA,NA,NA,NA,NA,NA,NA,NA,NA,NA,NA
7899,Lucknow,7,2,32.1015223406,36.5142494344,0.7600368993649672,37.0204716520342,30.713453350737595,45.443226557452235,93,48.8883844566,49.42997753864,0.5807121621890252,49.35329633435787,48.88838573809956,51.03076208161459,7
7909,Thrissur,9,1,NA,NA,NA,NA,NA,NA,NA,NA,NA,NA,NA,NA,NA,NA
7917,Wardha,7,2,60.17290760189999,36.5142494344,2.2490621661252499e-4,31.40754878453336,24.726986733970186,45.44317509975406,3,48.8883844566,49.42997753864,0.5807121621890252,49.35329633435787,48.88838573809956,51.03076208161459,7
7920,Raichur,7,2,32.1015223406,36.5142494344,0.7600368993649672,37.0204716520342,30.713453350737595,45.443226557452235,93,48.8883844566,49.42997753864,0.5807121621890252,49.35329633435787,48.88838573809956,51.03076208161459,7
7930,Mysuru,8,2,32.1015223406,41.63521090251429,0.031086001446037886,45.44317549406593,36.2866717408256,46.137222222446084,243,48.8883844566,49.42997753864,0.5807121621890252,49.35329633435787,48.88838573809956,51.03076208161459,7
7932,Kochi,10,1,NA,NA,NA,NA,NA,NA,NA,NA,NA,NA,NA,NA,NA,NA
7934,Chalakudi,9,1,NA,NA,NA,NA,NA,NA,NA,NA,NA,NA,NA,NA,NA,NA
7969,Alappuzha,8,1,NA,NA,NA,NA,NA,NA,NA,NA,NA,NA,NA,NA,NA,NA
7973,Nagpur,7,2,60.17290760189999,36.5142494344,2.2490621661252499e-4,31.40754878453336,24.726986733970186,45.44317509975406,3,48.8883844566,49.42997753864,0.5807121621890252,49.35329633435787,48.88838573809956,51.03076208161459,7
8003,Palakkad,12,1,NA,NA,NA,NA,NA,NA,NA,NA,NA,NA,NA,NA,NA,NA
8010,Kollam,8,1,NA,NA,NA,NA,NA,NA,NA,NA,NA,NA,NA,NA,NA,NA
8017,Jabalpur,7,1,NA,NA,NA,NA,NA,NA,NA,NA,NA,NA,NA,NA,NA,NA
8021,Ettumanoor,9,1,NA,NA,NA,NA,NA,NA,NA,NA,NA,NA,NA,NA,NA,NA
8052,Hyderabad,7,1,NA,NA,NA,NA,NA,NA,NA,NA,NA,NA,NA,NA,NA,NA
8070,Coimbatore,11,2,32.1015223406,49.62361107769455,6.458185775931027e-8,53.69508703361164,46.13715334213522,57.39609592784127,1283,48.8883844566,49.42997753864,0.5807121621890252,49.35329633435787,48.88838573809956,51.03076208161459,7
8099,Bengaluru,8,1,NA,NA,NA,NA,NA,NA,NA,NA,NA,NA,NA,NA,NA,NA
8112,Pollachi,11,1,NA,NA,NA,NA,NA,NA,NA,NA,NA,NA,NA,NA,NA,NA
8121,Attingal,9,1,NA,NA,NA,NA,NA,NA,NA,NA,NA,NA,NA,NA,NA,NA
8145,Thiruvananthapuram,10,1,NA,NA,NA,NA,NA,NA,NA,NA,NA,NA,NA,NA,NA,NA
8154,Tiruppur,8,1,NA,NA,NA,NA,NA,NA,NA,NA,NA,NA,NA,NA,NA,NA
8172,Jigani,8,1,NA,NA,NA,NA,NA,NA,NA,NA,NA,NA,NA,NA,NA,NA
8261,Mettur,9,1,NA,NA,NA,NA,NA,NA,NA,NA,NA,NA,NA,NA,NA,NA
8299,Rajapalaiyam,12,1,NA,NA,NA,NA,NA,NA,NA,NA,NA,NA,NA,NA,NA,NA
8331,Salem,8,1,NA,NA,NA,NA,NA,NA,NA,NA,NA,NA,NA,NA,NA,NA
8346,Tirunelveli,9,1,NA,NA,NA,NA,NA,NA,NA,NA,NA,NA,NA,NA,NA,NA
8398,Madurai,8,2,32.1015223406,47.448755139657145,3.7530504204943396e-4,49.06105554997979,45.44314670680108,60.172846924002826,295,48.8883844566,49.42997753864,0.5807121621890252,49.35329633435787,48.88838573809956,51.03076208161459,7
8472,Pokhara,13,2,32.1015223394,44.71759874622564,1.1604352644252247e-7,46.1371666942399,43.36035518711216,49.06105313974457,2429,48.8883844566,49.42997753864,0.5807121621890252,49.35329633435787,48.88838573809956,51.03076208161459,7
8502,Tiruchirappalli,8,1,NA,NA,NA,NA,NA,NA,NA,NA,NA,NA,NA,NA,NA,NA
8516,Varanasi,7,3,41.45865076103333,29.67471467248857,8.174298732460267e-7,29.51904399569301,25.329758825395924,31.17608494953883,0,48.8883844566,49.42997753864,0.5807121621890252,49.35329633435787,48.88838573809956,51.03076208161459,7
8517,Durg,9,2,32.1015223406,45.343475969055554,3.984898354838441e-4,45.44320986805481,45.360099071400704,56.47191902937121,479,48.8883844566,49.42997753864,0.5807121621890252,49.35329633435787,48.88838573809956,51.03076208161459,7
8527,Vellore,8,1,NA,NA,NA,NA,NA,NA,NA,NA,NA,NA,NA,NA,NA,NA
8549,Tiruvannamalai,7,1,NA,NA,NA,NA,NA,NA,NA,NA,NA,NA,NA,NA,NA,NA
8558,Tirupati,9,2,32.1015223406,51.65789375020556,1.6534563505304785e-6,57.39601608825998,52.77090525508025,60.17283555624721,549,48.8883844566,49.42997753864,0.5807121621890252,49.35329633435787,48.88838573809956,51.03076208161459,7
8565,Raipur,9,2,32.1015223406,45.343475969055554,3.984898354838441e-4,45.44320986805481,45.360099071400704,56.47191902937121,479,48.8883844566,49.42997753864,0.5807121621890252,49.35329633435787,48.88838573809956,51.03076208161459,7
8619,Thanjavur,6,1,NA,NA,NA,NA,NA,NA,NA,NA,NA,NA,NA,NA,NA,NA
8719,Puducherry,5,1,NA,NA,NA,NA,NA,NA,NA,NA,NA,NA,NA,NA,NA,NA
8733,Chennai,5,1,NA,NA,NA,NA,NA,NA,NA,NA,NA,NA,NA,NA,NA,NA
8819,Kathmandu,16,3,22.268769425666665,39.77921733012673,4.405470265695347e-92,40.2908673506489,39.579117151471024,41.314574876239334,155527,48.8883844566,49.42997753864,0.5807121621890252,49.35329633435787,48.88838573809956,51.03076208161459,7
8896,Colombo,8,2,60.172907604600006,51.399578817182146,9.823117449764e-6,54.619237928912625,46.05552455967393,57.396089923420504,1,48.8883844566,49.42997753864,0.5807121621890252,49.35329633435787,48.88838573809956,51.03076208161459,7
9063,Kandy,10,2,60.1729076029,50.779498560162224,1.8994314712263963e-6,53.695024432226354,46.13719770353717,57.3960952976953,95,48.8883844566,49.42997753864,0.5807121621890252,49.35329633435787,48.88838573809956,51.03076208161459,7
9180,Visakhapatnam,7,1,NA,NA,NA,NA,NA,NA,NA,NA,NA,NA,NA,NA,NA,NA
9341,Dhanbad,9,3,41.45865076103333,37.61013165540992,0.0015539189848310599,37.102908230868174,35.85476004196565,40.533290436833525,988,48.8883844566,49.42997753864,0.5807121621890252,49.35329633435787,48.88838573809956,51.03076208161459,7
9535,Bhubaneshwar,10,2,60.1729075989,47.896205780117775,0.0038347565005113706,46.13719973574579,45.4431465403713,49.06106179217021,207,48.8883844566,49.42997753864,0.5807121621890252,49.35329633435787,48.88838573809956,51.03076208161459,7
9710,Rajshahi,6,3,22.268769425666665,31.919737443896665,0.0015935399971501686,31.30434507212126,30.008222271264103,35.854792541155845,190,48.8883844566,49.42997753864,0.5807121621890252,49.35329633435787,48.88838573809956,51.03076208161459,7
9752,Kolkata,8,3,41.45865076103333,35.630958342719644,3.203014336732764e-6,35.85465756282236,33.81299969124814,37.33004551020777,189,48.8883844566,49.42997753864,0.5807121621890252,49.35329633435787,48.88838573809956,51.03076208161459,7
9933,Dhaka,6,3,41.45865076103333,31.919737443896665,3.179502953439222e-4,30.471031206214928,25.78601482956208,34.91821937562996,0,48.8883844566,49.42997753864,0.5807121621890252,49.35329633435787,48.88838573809956,51.03076208161459,7
9976,Guwahati [Dispur],11,1,NA,NA,NA,NA,NA,NA,NA,NA,NA,NA,NA,NA,NA,NA
9995,Barisal,6,1,NA,NA,NA,NA,NA,NA,NA,NA,NA,NA,NA,NA,NA,NA
10015,Shillong,14,0,NA,NA,NA,NA,NA,NA,NA,NA,NA,NA,NA,NA,NA,NA
10048,Tezpur,9,1,NA,NA,NA,NA,NA,NA,NA,NA,NA,NA,NA,NA,NA,NA
10119,Dimapur,15,0,NA,NA,NA,NA,NA,NA,NA,NA,NA,NA,NA,NA,NA,NA
10156,Xining,6,2,32.1015223406,27.294368926233332,0.0015917798181375546,24.72702013394883,22.97532142544075,32.10142859543835,0,48.8883844566,49.42997753864,0.5807121621890252,49.35329633435787,48.88838573809956,51.03076208161459,7
10306,Yangon,9,0,NA,NA,NA,NA,NA,NA,NA,NA,NA,NA,NA,NA,NA,NA
10354,Chengdu,4,0,NA,NA,NA,NA,NA,NA,NA,NA,NA,NA,NA,NA,NA,NA
10443,Chiang Mai,12,1,NA,NA,NA,NA,NA,NA,NA,NA,NA,NA,NA,NA,NA,NA
10533,Kunming,7,0,NA,NA,NA,NA,NA,NA,NA,NA,NA,NA,NA,NA,NA,NA
10536,Xi'an,4,1,NA,NA,NA,NA,NA,NA,NA,NA,NA,NA,NA,NA,NA,NA
10745,Beijing,5,1,NA,NA,NA,NA,NA,NA,NA,NA,NA,NA,NA,NA,NA,NA
10774,Bangkok,6,3,58.322326121033335,50.98408614663666,7.27762248970914e-4,50.297736907500166,48.60135467394045,55.2382941726066,14,48.8883844566,49.42997753864,0.5807121621890252,49.35329633435787,48.88838573809956,51.03076208161459,7
10913,Vientiane,8,2,60.1729076015,51.3969782849,6.61664843505555e-4,56.47181312993088,52.77087077217604,58.784971213136465,53,48.8883844566,49.42997753864,0.5807121621890252,49.35329633435787,48.88838573809956,51.03076208161459,7
10982,Tianjin,5,0,NA,NA,NA,NA,NA,NA,NA,NA,NA,NA,NA,NA,NA,NA
11000,George Town,13,4,46.9786765124,40.668596720015316,2.3096743376432795e-49,41.07211681939873,40.41673775940373,41.77726239336014,46013,48.8883844566,49.42997753864,0.5807121621890252,49.35329633435787,48.88838573809956,51.03076208161459,7
11134,Ipoh,12,2,57.397035380800006,51.466348311936365,6.871767324421724e-6,54.619287488418934,52.77084329469797,56.471884604830265,401,48.8883844566,49.42997753864,0.5807121621890252,49.35329633435787,48.88838573809956,51.03076208161459,7
11194,Hanoi,9,1,NA,NA,NA,NA,NA,NA,NA,NA,NA,NA,NA,NA,NA,NA
11197,Kuala Lumpur,14,2,57.397035380800006,50.565072095690105,2.4198599865692863e-9,53.695020123070094,51.94559313113029,55.08399909503524,585,48.8883844566,49.42997753864,0.5807121621890252,49.35329633435787,48.88838573809956,51.03076208161459,7
11314,Siem Reap,6,1,NA,NA,NA,NA,NA,NA,NA,NA,NA,NA,NA,NA,NA,NA
11536,Phnom Penh,9,1,NA,NA,NA,NA,NA,NA,NA,NA,NA,NA,NA,NA,NA,NA
11554,Singapore,12,3,54.31293979293334,46.84182121419864,2.5353524049915947e-16,47.885793360900124,46.50910192979735,49.064000059801096,4410,48.8883844566,49.42997753864,0.5807121621890252,49.35329633435787,48.88838573809956,51.03076208161459,7
11699,Perth,6,1,NA,NA,NA,NA,NA,NA,NA,NA,NA,NA,NA,NA,NA,NA
11856,Ho Chi Minh City,11,2,60.17290760229999,48.67882326353455,3.477152889183738e-9,49.06110129874194,46.0556619374138,53.695102345187266,56,48.8883844566,49.42997753864,0.5807121621890252,49.35329633435787,48.88838573809956,51.03076208161459,7
11920,Jakarta,21,5,42.896984652,38.565596958666276,0,38.76304984483905,38.67884273919505,38.85456404429192,47769455,48.8883844566,49.42997753864,0.5807121621890252,49.35329633435787,48.88838573809956,51.03076208161459,7
12141,Guangzhou,6,1,NA,NA,NA,NA,NA,NA,NA,NA,NA,NA,NA,NA,NA,NA
12333,Hong Kong,5,0,NA,NA,NA,NA,NA,NA,NA,NA,NA,NA,NA,NA,NA,NA
12349,Sha Tin,5,0,NA,NA,NA,NA,NA,NA,NA,NA,NA,NA,NA,NA,NA,NA
12356,Suzhou,4,1,NA,NA,NA,NA,NA,NA,NA,NA,NA,NA,NA,NA,NA,NA
12442,Hangzhou,5,1,NA,NA,NA,NA,NA,NA,NA,NA,NA,NA,NA,NA,NA,NA
12445,Seoul,3,1,NA,NA,NA,NA,NA,NA,NA,NA,NA,NA,NA,NA,NA,NA
12511,Kuching,13,2,57.397035380800006,51.02886675216154,1.886636775127143e-7,53.69509772136447,52.77085600692376,56.008145397846135,494,48.8883844566,49.42997753864,0.5807121621890252,49.35329633435787,48.88838573809956,51.03076208161459,7
12740,Zhanghua City,7,1,NA,NA,NA,NA,NA,NA,NA,NA,NA,NA,NA,NA,NA,NA
12743,Hsinchu,7,2,12.400415872,51.99661881699048,9.502174388150637e-5,57.396063631263424,53.69499549510736,60.17283089267324,210,48.8883844566,49.42997753864,0.5807121621890252,49.35329633435787,48.88838573809956,51.03076208161459,7
12745,Taichung,7,1,NA,NA,NA,NA,NA,NA,NA,NA,NA,NA,NA,NA,NA,NA
12748,New Taipei [Taipei],6,2,12.400415872,50.08328405391333,0.0010846432189485068,57.39608854400747,45.44312110368037,60.172825634054405,105,48.8883844566,49.42997753864,0.5807121621890252,49.35329633435787,48.88838573809956,51.03076208161459,7
12749,Yuanlin City,7,1,NA,NA,NA,NA,NA,NA,NA,NA,NA,NA,NA,NA,NA,NA
12754,Chiayi,6,1,NA,NA,NA,NA,NA,NA,NA,NA,NA,NA,NA,NA,NA,NA
12755,Tainan,7,1,NA,NA,NA,NA,NA,NA,NA,NA,NA,NA,NA,NA,NA,NA
12760,Denpasar,14,2,57.397035380800006,54.13919097916593,0.024695874356395506,56.47191309307028,55.28239507419829,57.39608643128172,1525,48.8883844566,49.42997753864,0.5807121621890252,49.35329633435787,48.88838573809956,51.03076208161459,7
12761,Kaohsiung,7,1,NA,NA,NA,NA,NA,NA,NA,NA,NA,NA,NA,NA,NA,NA
12784,Kota Kinabalu,14,3,54.31293979246667,46.29746317734872,8.356483675448707e-26,47.3206518663679,45.77855900197572,49.06393147930048,12115,48.8883844566,49.42997753864,0.5807121621890252,49.35329633435787,48.88838573809956,51.03076208161459,7
12788,Sapporo,2,1,NA,NA,NA,NA,NA,NA,NA,NA,NA,NA,NA,NA,NA,NA
12935,Naha,4,1,NA,NA,NA,NA,NA,NA,NA,NA,NA,NA,NA,NA,NA,NA
13030,Adelaide,7,2,60.1729076017,47.22155695321905,0.11040691444164348,46.178453201482654,34.564711925606076,60.172846247341255,55,48.8883844566,49.42997753864,0.5807121621890252,49.35329633435787,48.88838573809956,51.03076208161459,7
13031,Kupang,14,0,NA,NA,NA,NA,NA,NA,NA,NA,NA,NA,NA,NA,NA,NA
13075,Toril,20,6,44.286985276066666,42.88133122948957,1.3969129602117164e-217,43.10877788430753,43.05004645266777,43.16777042867423,306169373,48.8883844566,49.42997753864,0.5807121621890252,49.35329633435787,48.88838573809956,51.03076208161459,7
13076,Melbourne,8,3,41.513590881233334,39.100688258095836,0.3793476887147481,40.99587394871784,38.52948602250284,42.279684031371076,546,48.8883844566,49.42997753864,0.5807121621890252,49.35329633435787,48.88838573809956,51.03076208161459,7
13097,Sydney,16,2,60.1729076017,52.447136521879166,2.1135119592740883e-8,57.39610004250595,49.30237226136053,58.78489584694109,1424,48.8883844566,49.42997753864,0.5807121621890252,49.35329633435787,48.88838573809956,51.03076208161459,7
13125,Christchurch,2,2,60.172907600600006,NA,NA,NA,NA,NA,NA,NA,NA,NA,NA,NA,NA,NA
13129,Gold Coast,17,3,43.100745435899995,46.49466158893093,4.60992265004059e-17,46.9612146408077,45.793486370050076,48.50185179848249,157061,48.8883844566,49.42997753864,0.5807121621890252,49.35329633435787,48.88838573809956,51.03076208161459,7
13130,Brisbane,16,3,43.100745435899995,45.26318836425036,7.786455025733374e-7,44.962684516152734,44.04425844057761,45.649962210522276,96147,48.8883844566,49.42997753864,0.5807121621890252,49.35329633435787,48.88838573809956,51.03076208161459,7
13183,Auckland,4,2,60.172907600600006,45.9058726635,0.0335052567908282,46.13717432795241,32.101500665419834,60.1729076006,0,48.8883844566,49.42997753864,0.5807121621890252,49.35329633435787,48.88838573809956,51.03076208161459,7
